=== costheta bin 0.0-0.4 ===
For each bin: first 23 entries are fitted EFT parameters, next 23 are their uncertainties.
0.0007531520380786403 0.0026415453477852237 0.0004929811714299882 0.0007268561833158845 0.0038768396371499847 -0.002807567341870063 -0.001214413001331647 0.0022869811608502958 0.00275955186627483 0.00640932799473474 -0.0014552515024105223 -0.00337806216218452 0.0011933188104451824 0.0027713332575223476 0.0033602580756829426 -4.275623617651601e-06 6.631021271560099e-06 1.142665808751018e-05 2.7908510808818416e-07 -1.6562896058968166e-05 3.2148064379799626e-05 1.6003976214395442e-05 3.88715876529398e-05 1.9508700198403266e-06 8.804614964591698e-06 8.124082167094621e-07 9.469218260380472e-07 1.126277645190043e-05 7.398107329710435e-06 2.4004281540192045e-06 4.499854891442248e-06 5.194667015955335e-06 1.6237060888203893e-05 3.4895516070911775e-06 8.1864592033785e-06 1.502835054494949e-06 4.963663458898376e-06 5.86397932873866e-06 2.680296236360917e-06 6.2754858524615044e-06 2.7092478666241617e-06 7.43205086970198e-06 1.707615008612521e-06 2.6762470646254618e-06 1.2069067512278634e-06 3.84631674237624e-06
0.0011756452753338702 0.004247006447311792 0.0005877042742875356 0.0008215980499229369 0.0059505033353723395 -0.004455267160941873 -0.0016545223125958893 0.003161631663304985 0.0037231506271745763 0.010037037575065702 -0.0019293382975630437 -0.005227808756364961 0.001385553010617196 0.003728810885812484 0.004418830629517788 -1.036436525979098e-05 8.491583795623741e-06 2.570787970458384e-05 1.2747340578778148e-05 -2.733476987126342e-05 4.765180267065763e-05 2.301695768167019e-05 6.545629825397746e-05 2.4366339572014654e-06 1.123337731982911e-05 8.95565637417282e-07 1.0231313700017426e-06 1.4195634171879858e-05 8.945879033671184e-06 2.7240823700881284e-06 5.22156361156658e-06 5.732669738398097e-06 2.00392849014328e-05 3.832418139085499e-06 1.0043915326948014e-05 1.6252956037559616e-06 5.611726806212267e-06 6.553714144974872e-06 3.4544332415549304e-06 8.250750837381233e-06 2.8932066717892533e-06 9.440285020900058e-06 2.157923797148099e-06 3.8159104984432014e-06 1.2861316049292766e-06 4.7933679419118905e-06
0.0013970603239576457 0.0051079708082370345 0.0005121582983368525 0.0006588518237938215 0.006569337322849246 -0.005323670583336267 -0.001681614029844691 0.0032311013292478587 0.003648531458950829 0.011540615048743395 -0.001884283810453381 -0.0059579781514973165 0.0011575909295573862 0.0036515761538847553 0.004155211882868882 -1.3941723426436432e-06 -9.231579616870513e-06 1.7966732391532363e-05 2.2634135744012278e-06 -2.797091165819786e-05 5.1775796784780006e-05 1.8712603237647795e-05 5.600957018656956e-05 2.6938644832594726e-06 1.2265688116304717e-05 8.533661419313417e-07 9.252094595522775e-07 1.4911522275712441e-05 9.726041312567987e-06 2.696037102397159e-06 5.189427509249126e-06 5.4598015961159445e-06 2.1586090499467386e-05 3.6216983447848865e-06 1.0542890779765273e-05 1.4910162494906053e-06 5.523351024032575e-06 6.188497632233668e-06 3.6718205850195497e-06 8.49357982086915e-06 2.6882192250299783e-06 9.505101406282949e-06 2.182727121837917e-06 4.0025232956451e-06 1.1648352200097158e-06 4.827044233890147e-06
0.0016199553910091827 0.005900725014510772 0.0004348086045935523 0.0004992952540733369 0.006760743703052472 -0.006156914120404522 -0.0016691131383071956 0.0032035475788184855 0.0034122178484292643 0.012588129255001945 -0.001759864408411734 -0.006504203746068127 0.0009275232185028145 0.0034130646254912434 0.003672495165012633 -8.703375378814305e-06 1.5955821533193635e-05 1.8208351178877484e-05 8.714906489695278e-06 -2.6501333316817797e-05 5.5406040953763924e-05 1.5988773456259753e-05 5.902184315245783e-05 2.902397642738567e-06 1.2962743028382634e-05 7.903435581547237e-07 8.119018775874567e-07 1.5110315275227377e-05 1.0396378220798683e-05 2.706088515527123e-06 5.079181116774252e-06 5.148001940253004e-06 2.2260869354149728e-05 3.49128459502129e-06 1.1066088815611697e-05 1.3445440901953985e-06 5.301232924444225e-06 5.757297522880013e-06 3.906913640664522e-06 8.651827265153404e-06 2.514511429537379e-06 9.32967021076307e-06 2.299588673303833e-06 3.912046149065367e-06 1.0756778731150616e-06 4.902022877247535e-06
0.002012150191175977 0.006985661010646691 0.0003881563962087715 0.00037551195956106784 0.0067710722224444955 -0.007461244435334536 -0.0017573993472823617 0.0032920609911669656 0.00322106479689226 0.013696573663334528 -0.0017036753449137106 -0.007254758854908371 0.0007599203386834919 0.0032275171439298278 0.0031880439060410306 -5.7717484110530875e-06 1.3346594287074203e-05 2.0364452265716126e-05 2.9636737336225725e-05 -3.793478954195788e-05 6.970374991906732e-05 1.6728143146513743e-05 7.14226761903678e-05 3.2458690270796657e-06 1.4092668040725453e-05 7.664922054071806e-07 7.128935717609913e-07 1.5287467870359932e-05 1.1295660630703755e-05 2.815749421366037e-06 5.1641756179202145e-06 4.997229599192912e-06 2.3524980644711296e-05 3.4196782805240835e-06 1.16773708131135e-05 1.2516634846271007e-06 5.285162756925205e-06 5.348991478839729e-06 4.316234751488455e-06 8.98655048069793e-06 2.2538281847896826e-06 9.451748423680021e-06 2.479789952002407e-06 3.903574563859031e-06 9.60151986866572e-07 4.784695142892904e-06
0.0026622856532784907 0.008618113527009964 0.00036798441788526645 0.0002801436936391813 0.006619165045876084 -0.009507258560772804 -0.0019626455168266985 0.003560382425084145 0.003074892393682058 0.014980804934318602 -0.001663136358061358 -0.008149012743052115 0.0006361461237712218 0.0030951096496514108 0.002723696361599777 -1.8496495199095167e-05 3.98793649040115e-05 2.1611044699681307e-05 3.7431321842154925e-05 -3.4886732912985304e-05 7.218702225052986e-05 1.3515417715042623e-05 6.563645679189559e-05 3.7719519390704857e-06 1.5888136306292673e-05 7.864552155234049e-07 6.477090439317716e-07 1.5536940191153882e-05 1.2937567543545116e-05 3.0566546830499147e-06 5.5311415140474905e-06 5.157836340952369e-06 2.546163093851802e-05 3.6498871770900552e-06 1.3421289629591122e-05 1.2141196019355913e-06 5.481561377448299e-06 5.0981747858863345e-06 5.1075556035354485e-06 1.0549224559008438e-05 2.1795665682274314e-06 1.0161024333601724e-05 2.838928725033459e-06 4.81739672867309e-06 8.868437088017935e-07 5.055570897515136e-06
0.0027474783280255063 0.009328661036975607 0.0003090268970531945 0.00020986461801817652 0.006386711885278032 -0.009956164040899487 -0.001812526852493418 0.0033977785896586034 0.0027276281273083056 0.015046883320795158 -0.0013932522622622503 -0.007724920176388419 0.0004968645605321235 0.002739616044404109 0.002310595133727902 -1.789383534492046e-05 3.242414942297324e-05 2.011889273989178e-05 3.537752377710613e-05 -4.152619491619786e-05 8.004982836252135e-05 1.2270825722531826e-05 7.083963330677434e-05 3.916187827682954e-06 1.680007259227376e-05 7.451715302899667e-07 5.964769451457361e-07 1.5736268129524266e-05 1.3654330493587162e-05 3.0557034786898744e-06 5.642501705047073e-06 5.179021017404603e-06 2.664013816037839e-05 3.6434022121324058e-06 1.4186904770857813e-05 1.1335698518859086e-06 5.616416668899758e-06 4.943828551030023e-06 5.298879694303653e-06 1.1085295733309326e-05 2.142927518257249e-06 1.070964432029376e-05 3.144592458682804e-06 5.049736507057127e-06 8.140448497701755e-07 4.139069617907144e-06
0.002494419733135801 0.009245805466171292 0.0002422125591485056 0.00015731829480271123 0.006063569062614907 -0.009339383621233072 -0.0015123232831697965 0.002995215714394712 0.0022880654892910835 0.014176196684839586 -0.0010635248535437267 -0.006626593297617793 0.0003697304591704526 0.002294856172775089 0.0019518922092700772 -9.192184104206694e-06 3.5686632386903446e-05 1.6263450741677808e-05 3.836901881544659e-05 -2.845874560140507e-05 7.064341257464268e-05 9.682626897957522e-06 6.0634645447397016e-05 3.821942613348644e-06 1.7143441850489748e-05 6.911886641435049e-07 5.51589743252421e-07 1.584610452075845e-05 1.3743063943146893e-05 2.9441567982526232e-06 5.60465845308143e-06 5.13841851560734e-06 2.6948127681963974e-05 3.5302398163555083e-06 1.4487127182393005e-05 1.0431123741315267e-06 5.56189155751735e-06 4.788359374203872e-06 5.199252873887337e-06 1.1496052612389998e-05 2.0270400268526775e-06 1.1167184274641792e-05 3.213129745410812e-06 5.187213314216765e-06 7.471654772432817e-07 4.5371922775475985e-06
0.0021458040895755734 0.008798452299612673 0.0001858442237868598 0.00012021720568899641 0.005730041769834862 -0.008359235611946507 -0.0012138324914276364 0.0025551182329504587 0.0018807128375866572 0.012965713434083995 -0.0007814717596027382 -0.005417316112260072 0.0002727792695829678 0.0018815183377817297 0.0016613755907952884 -7.859387534860399e-06 2.7649332019835808e-05 1.3239054083212047e-05 2.548465679074599e-05 -2.382853103596015e-05 6.321737120281576e-05 7.41722239528335e-06 4.640466231603441e-05 3.6182604955518654e-06 1.708787235507362e-05 6.389287101656776e-07 5.199511815500722e-07 1.586926950694563e-05 1.3398219905652533e-05 2.764125935073088e-06 5.445372984174982e-06 4.9947849068115144e-06 2.6714821062223e-05 3.372397727833103e-06 1.4351499070294211e-05 9.963280109908027e-07 5.4017116912905014e-06 4.7135669184878305e-06 4.950308386464869e-06 1.1364296240558299e-05 1.991372354169126e-06 1.1082670855118007e-05 3.0988808044752604e-06 5.159228104634751e-06 7.054643786905432e-07 4.847627806341784e-06
0.0018012301004471979 0.00820163000122425 0.00014177414412437398 9.381430536858356e-05 0.005458123437844445 -0.007307569595110246 -0.0009619968216758039 0.002150773374883117 0.001539335303719943 0.01171973890983086 -0.0005738905006056874 -0.0043569329875177065 0.0002026337434253222 0.0015356898051285086 0.0014368018622682025 -1.8669098917113138e-06 6.441415266680805e-06 7.582768062779761e-06 -6.255698994718616e-06 -1.664192210800072e-05 4.510011558288036e-05 5.437849096784182e-06 4.4541316558026224e-05 3.377373848257397e-06 1.6747865793988983e-05 6.107725760509085e-07 4.856310510089568e-07 1.5707281433885874e-05 1.2844522990394233e-05 2.588660512084336e-06 5.183198475465817e-06 4.797287501258774e-06 2.6168119374969166e-05 3.1712169379878917e-06 1.3959102665118085e-05 9.34448690197702e-07 5.188942914810223e-06 4.502986629810383e-06 4.6510465280391814e-06 1.1004178578420772e-05 1.8774035488360594e-06 1.0916365864994622e-05 2.9624247621118728e-06 5.050505101484987e-06 6.520483761832386e-07 4.8779250743156185e-06
0.0014906536715069284 0.00748328635840066 0.0001060513715316321 7.209458816409935e-05 0.005149079763305383 -0.006274095282552223 -0.0007492255034182921 0.0017793787258713366 0.001230006319038687 0.010383949235101695 -0.0004012681741341201 -0.0034059642888168034 0.0001463662232095599 0.0012337686560311273 0.0012187194015377584 -1.3814198885850172e-05 3.0813500072617136e-05 8.465513341266367e-06 2.139788039647482e-05 -2.0830072368946036e-05 4.765334396327018e-05 4.6693532424008974e-06 4.4634059281232904e-05 3.13061838616131e-06 1.620502967974324e-05 5.800691386002021e-07 4.563014989823281e-07 1.5400581559837056e-05 1.221872590197346e-05 2.4026953201842435e-06 4.920335519262935e-06 4.571221205210355e-06 2.566111883056583e-05 2.9626382504752497e-06 1.3484733461143819e-05 8.760391955498854e-07 5.029383431933733e-06 4.391572364632486e-06 4.3193381943509145e-06 1.072164890020228e-05 1.7551819639762045e-06 1.0928214006521615e-05 2.7742052857908815e-06 4.941326678113341e-06 6.067137621247903e-07 4.868276269021821e-06
0.0012295533625608784 0.006785998773124275 8.192583293341618e-05 5.680634200017081e-05 0.00489244348503696 -0.0053799854301362195 -0.0005912933699912738 0.001487744164207649 0.0009912551806432455 0.009203854631646014 -0.0002849126094179406 -0.002664506460341656 0.00010851772798706214 0.0010109597011551596 0.0010585128700190043 -4.08129428008726e-06 6.687757883049088e-06 7.831992243913297e-06 1.6845726498068998e-05 -1.8997998583393076e-05 4.7212353075274565e-05 5.0600059521032815e-06 4.408617231120615e-05 2.890872573355804e-06 1.556733950823549e-05 5.454385424142802e-07 4.239943432189211e-07 1.5086280201953902e-05 1.1525692492696379e-05 2.2108955149864426e-06 4.655565571356966e-06 4.33667431483047e-06 2.5033929475092917e-05 2.7231737682112493e-06 1.286409520192672e-05 8.011638327532368e-07 4.841149055751838e-06 4.253145602318519e-06 4.017470317939418e-06 1.0316582111637368e-05 1.633315120065853e-06 1.0717028101937722e-05 2.601867194731376e-06 4.760674657267645e-06 5.676053632314204e-07 4.852309159444585e-06
0.0009948422277124866 0.006062410743908679 6.096625742663985e-05 4.554038128628547e-05 0.0046231535812713475 -0.0045305482909991 -0.00045420861361528055 0.0012135079611785607 0.0008021955096235804 0.008026828457562259 -0.0002011119396725476 -0.0020310488154873414 8.041227345875048e-05 0.0008045259423177404 0.0009194976032778192 -3.5855604751603674e-06 1.3616559953395127e-05 6.565475166483134e-06 6.92992215648141e-06 -9.810113303694666e-06 4.363449818895852e-05 5.0918810544021725e-06 5.045087738919296e-05 2.6543469880122967e-06 1.4878118304308531e-05 5.062561278802661e-07 3.9456877511482243e-07 1.4713926057689211e-05 1.0816398219907636e-05 2.035704754632375e-06 4.379322006665132e-06 4.1014864025723665e-06 2.419707979348724e-05 2.522726575532835e-06 1.218853777544019e-05 7.355288990131169e-07 4.6462111831023005e-06 4.130429756273507e-06 3.7326539070014184e-06 9.843204254442814e-06 1.519706620625196e-06 1.0419872584005917e-05 2.450600753227154e-06 4.579977467000418e-06 5.561105164136243e-07 4.759660556476682e-06
0.0008088550172838812 0.005395622397406529 4.623413478652969e-05 3.56640595213938e-05 0.004338708701102515 -0.003821862512374383 -0.0003538696346532004 0.0009986136493225068 0.0006364887169885492 0.0069596244464482015 -0.0001367673273291621 -0.0015214097496058004 5.819123352439907e-05 0.0006410810591169058 0.0007909877320309537 -8.905535095540895e-06 2.420061821559013e-05 4.445237875785931e-06 5.413927752181953e-06 -7.231953526251702e-06 3.426635401285846e-05 4.01654710013425e-06 4.121990423362718e-05 2.423009827555087e-06 1.4095352120485869e-05 4.578287251356522e-07 3.606766106291888e-07 1.4222676190404204e-05 1.0121029097633711e-05 1.8384569858786652e-06 4.121381051667994e-06 3.834532309619268e-06 2.324490756047796e-05 2.297556711887009e-06 1.1469731380421983e-05 6.592268998270383e-07 4.401296694484215e-06 3.931909056855557e-06 3.445199177667615e-06 9.304145524917484e-06 1.3951003554997527e-06 9.975275474146205e-06 2.2688877233706117e-06 4.336142840888396e-06 4.91457369435561e-07 4.557096787906812e-06
0.0006561800235734363 0.004774741131787745 3.36615769321512e-05 2.8892410209303192e-05 0.004058492713429539 -0.0032014583439832346 -0.0002689832834517141 0.0008032904496955704 0.000506648240481678 0.005969972116676629 -9.266020691651297e-05 -0.001097294781129183 4.2921976927079845e-05 0.0005035872376977738 0.0006825391905885857 -8.136224802916821e-07 3.138396553193134e-06 2.3474846967731513e-06 6.608036700895282e-06 -5.1705651424229e-06 2.9435650119728615e-05 3.44539027626633e-06 4.435293901593445e-05 2.2176406031276133e-06 1.337507394665172e-05 4.299350111159173e-07 3.3565145418963866e-07 1.3766073424933498e-05 9.50776449173022e-06 1.6966576775592672e-06 3.863664811820537e-06 3.6028056697480035e-06 2.228706350897897e-05 2.1404886889471257e-06 1.0804135627396694e-05 6.160648695053407e-07 4.211729036748851e-06 3.7929654732905738e-06 3.189378478341315e-06 8.845802755666796e-06 1.306245200456048e-06 9.570374240952926e-06 2.1041233989672073e-06 4.130809473824451e-06 4.796424267418612e-07 4.461780265378099e-06
0.0005307158333501167 0.0042323274162644475 2.579076139565567e-05 2.2863298639703398e-05 0.0038098754405522747 -0.0026996360543741537 -0.00020899766735224962 0.0006611517392495791 0.00040490324126951947 0.005130558818692457 -6.135169779886108e-05 -0.0007706613216978823 3.149447645333007e-05 0.0003998041092751475 0.0005913702367103363 1.192366680056188e-07 -1.6050914435777051e-06 3.1474826176181493e-06 -1.007102203985497e-05 -1.2462822631647445e-06 2.263704016647032e-05 2.481660696089011e-06 3.151607953993665e-05 2.032319679664729e-06 1.2682168995303225e-05 4.0522779126709603e-07 3.037723112700739e-07 1.3314175563327171e-05 8.921788198163331e-06 1.5785999960875311e-06 3.6359052717941382e-06 3.400775835403726e-06 2.138202397723258e-05 1.9544300556862434e-06 1.0188113156560072e-05 5.649764950957239e-07 4.018862701181059e-06 3.620764336213149e-06 2.9594317388490566e-06 8.402803560999127e-06 1.1898969988383864e-06 9.11098012725969e-06 1.9759382411236297e-06 3.930753874832906e-06 4.657221625118606e-07 4.322934145883872e-06
0.00042514934994855786 0.003752144419450308 1.9202407666917757e-05 1.8966619663305898e-05 0.003597736664104654 -0.0022380337367888447 -0.0001595053337734573 0.0005366442596418249 0.000324215383897277 0.00443281516084512 -3.809364197081331e-05 -0.0005150042764149195 2.3679180839121508e-05 0.0003200295625855161 0.0005209369986954389 -1.4645270398276523e-06 7.495244820973399e-06 -2.9267359161605325e-08 2.930109942873207e-06 3.1404632480609185e-06 1.5866644345248053e-05 1.9067222812995228e-06 3.487370731248261e-05 1.8554166398253124e-06 1.2061058005783641e-05 3.8558881934783e-07 2.955125604182841e-07 1.291195979501009e-05 8.383588675662423e-06 1.4654462901656877e-06 3.4343481199258973e-06 3.231804189270238e-06 2.0546996284200886e-05 1.8797569592892192e-06 9.607059096450337e-06 5.510107118445157e-07 3.864830192344659e-06 3.4829904106849092e-06 2.724502942792789e-06 7.95951535693961e-06 1.1549970594371694e-06 8.78045837704846e-06 1.816317853667547e-06 3.735685388916633e-06 4.360461956809751e-07 4.15181441401019e-06
0.00035266536884128797 0.003329127605867853 1.5116724426853425e-05 1.540949445763519e-05 0.003392443660656908 -0.001888850048048923 -0.00012873613403187266 0.00045131118017271456 0.00026382061444927196 0.0038446620812299355 -2.2640119046165788e-05 -0.00033267622857912667 1.719597928776889e-05 0.0002575152534197108 0.00045482811191583045 -9.121330133529797e-07 1.0100481089341348e-05 2.642414095369399e-06 6.941305301283325e-07 -2.714747536589296e-06 1.8027140934651867e-05 2.3101706322378906e-06 3.275067486370509e-05 1.7083333093040912e-06 1.1447625538164589e-05 3.6513196764919684e-07 2.751856316422798e-07 1.24883057642173e-05 7.906421975426042e-06 1.3658147042150694e-06 3.265737446972408e-06 3.060797402878411e-06 1.973154382061541e-05 1.769031058198204e-06 9.106593117091666e-06 5.239077818549969e-07 3.6961129640879806e-06 3.3713514877346667e-06 2.556562262989873e-06 7.587474148106951e-06 1.0763343560820558e-06 8.353222582257546e-06 1.6991486975006986e-06 3.577561332052923e-06 4.128343720175645e-07 4.0035305154153465e-06
0.00028858364712678816 0.002970465393911625 1.2059861665393282e-05 1.2959015489674634e-05 0.003198652470902485 -0.0016110200282941078 -0.00010282400910768318 0.000376825504839814 0.00021049908732272176 0.003330558035596229 -1.5679996581427482e-05 -0.00021960007881720737 1.3320800585078286e-05 0.0002126485375210877 0.0004063716068324136 3.4809059810242133e-06 -1.1358565194441405e-05 -3.589229103811674e-07 -3.6474517279713076e-06 -1.9721471718309713e-06 1.7304042908273267e-05 1.587838585120057e-06 2.3108050539320257e-05 1.572693660205967e-06 1.0871229998645261e-05 3.416874920879975e-07 2.558831936133207e-07 1.2076332399842102e-05 7.407498066225495e-06 1.2662546012487029e-06 3.0712389630386183e-06 2.859409261401303e-06 1.8922055180148383e-05 1.6385237583019682e-06 8.597888849595434e-06 4.845242024756722e-07 3.5254932425842293e-06 3.2223748639789984e-06 2.3669353233330657e-06 7.1702565385800646e-06 1.0137293639794526e-06 8.00602375435477e-06 1.5910770834998798e-06 3.3369380833633047e-06 3.989056194907481e-07 3.883889764772592e-06
0.0002378650617888828 0.0026283909696686683 9.163481532228076e-06 1.0052297879710252e-05 0.003040342471403734 -0.0013613875390044643 -8.052130045337538e-05 0.0003111241127663816 0.0001694936061576092 0.002864261410998794 -5.284578655703164e-06 -0.0001119688720790611 9.278446080919056e-06 0.00016894799738154963 0.0003557592815946986 -1.917040004275332e-06 7.12739582552814e-06 2.6558911980298265e-06 -4.3483782815273386e-07 -1.9159267146826203e-07 1.5456267645406915e-05 2.2179569556408346e-06 3.215073069921496e-05 1.4424715731755834e-06 1.031263207640407e-05 3.165371611480484e-07 2.3776548445632364e-07 1.169576407018451e-05 6.930974970812308e-06 1.164240189433826e-06 2.8941610158329967e-06 2.7058883794971957e-06 1.8116461554143084e-05 1.5198118425178675e-06 8.140528452262384e-06 4.4586711885176144e-07 3.3700092869060156e-06 3.0934109743437955e-06 2.175208879742595e-06 6.8175012174489216e-06 9.344035457399204e-07 7.647841381367337e-06 1.4574903053308459e-06 3.182209778494959e-06 3.6561512337287217e-07 3.709840463131347e-06
0.00019452396175895884 0.0023322768558932676 7.130874404729177e-06 8.494285457207289e-06 0.002864434040856028 -0.0011465321672415572 -6.243312544792572e-05 0.00025805982562438975 0.00013739745399752164 0.002471186076082424 -7.131974010926825e-07 -3.075368885189747e-05 7.176008278265283e-06 0.00013531739866775734 0.0003182163162032748 7.069074970039715e-07 4.661073126368533e-06 -3.5837766217843464e-07 -3.018194754623482e-06 1.3562334945134377e-06 1.3564368483119996e-05 7.472836104013485e-07 2.223492081356444e-05 1.3274322554951558e-06 9.75443231472456e-06 2.9492935445347443e-07 2.1582045197001483e-07 1.1309561745221235e-05 6.499881905946921e-06 1.0745155463753543e-06 2.737720119485101e-06 2.5265444435239647e-06 1.7377134503042808e-05 1.432663557126185e-06 7.702308598064144e-06 4.1831961067068923e-07 3.211319127442612e-06 2.9694986522291117e-06 2.0430918303248102e-06 6.479227691318553e-06 8.760713519766916e-07 7.320921675000193e-06 1.3875275448429926e-06 3.0026389408197437e-06 3.4245399616856526e-07 3.5928125021796938e-06
0.00016084617055809109 0.0020794454661234333 5.099948100100907e-06 6.856129693886177e-06 0.0026997296535529046 -0.0009738853542619443 -4.8848770264913874e-05 0.00021629769350085178 0.00011336386734181667 0.002148785949562519 3.6015153747579986e-06 2.8840197549380834e-05 4.625769496356458e-06 0.0001082459953828326 0.0002767267863098529 -7.21092902043849e-07 1.6266703016614297e-05 2.0402138549728724e-06 2.0762416933854736e-05 1.5150173642666578e-06 1.1170193490401698e-05 1.4475262182654412e-06 2.4534911066488537e-05 1.2294588095051628e-06 9.253591488892473e-06 2.720740890264936e-07 2.0378634059313557e-07 1.0916798136568985e-05 6.117941759562034e-06 9.97645044879491e-07 2.5921426575775204e-06 2.404240923156385e-06 1.662494303974597e-05 1.3495264828238186e-06 7.317805890171351e-06 3.8085644136582055e-07 3.0677991417740537e-06 2.851574710150476e-06 1.890559733579818e-06 6.154814033503902e-06 8.254195568811454e-07 7.024605668933491e-06 1.283737813070403e-06 2.828238417753461e-06 3.3434108499683366e-07 3.4702250669134153e-06
0.0001365576165936021 0.0018595751901111094 3.993151601181766e-06 5.939825585478902e-06 0.002553492738144637 -0.0008401030087990964 -4.019496284865256e-05 0.00018050639095761566 9.127405064953381e-05 0.00184896812458481 1.6073165741573523e-06 6.401747056521785e-05 4.258405237322767e-06 9.080030341248376e-05 0.00024785868645872607 3.5121468336714178e-06 -3.3133199177957437e-06 1.0860086344140558e-06 2.0576947414017173e-05 1.1434133519398008e-06 6.4518386892299515e-06 1.6702839208580743e-06 2.518379579077365e-05 1.148539775653514e-06 8.823656467108946e-06 2.618943003922573e-07 2.06249721664619e-07 1.0600682965724729e-05 5.807472007915155e-06 9.407611909913651e-07 2.4652784256505598e-06 2.3355210546124826e-06 1.596328577374355e-05 1.2786544678563194e-06 6.957324712486632e-06 3.810199546524992e-07 2.9387552004991644e-06 2.747445415368386e-06 1.7531518618013814e-06 5.8519773841340304e-06 7.880377992618075e-07 6.721194931216098e-06 1.1984458111403293e-06 2.6969670301219632e-06 3.1505004985843673e-07 3.340971377535574e-06
0.00029024427759943643 0.004198187242508526 9.577965281042101e-06 1.307284918052858e-05 0.006122334606900565 -0.001906116485004922 -8.995521449882254e-05 0.0003961150759660858 0.00019028881989258508 0.004021706248131763 5.2920378471461006e-06 0.00013684582345769057 9.077761109278639e-06 0.00019482894943485428 0.0005730197100532751 -3.038584492391622e-07 2.399265925648352e-06 4.955382052996177e-09 -8.196396509092086e-06 2.001604605262072e-06 1.4305687897639085e-05 2.4818276095239015e-06 5.864072315695375e-05 1.6369838854691108e-06 1.3202091974496665e-05 3.7833690465323523e-07 2.9956351430552474e-07 1.6246220005926522e-05 8.48284876405588e-06 1.3504973431752505e-06 3.6426172338894725e-06 3.4483588482694747e-06 2.420675596821316e-05 1.8461832641531282e-06 1.0358278913754902e-05 5.540251927398297e-07 4.455705865294265e-06 4.181496954727875e-06 2.554074070084386e-06 8.668157302296232e-06 1.1784213164318969e-06 1.0165828786766294e-05 1.7126110461040796e-06 4.059371822517748e-06 4.740523551085988e-07 5.1097313801923005e-06
0.0002435143859852534 0.0037201575982028783 8.043583087782753e-06 1.142064109005915e-05 0.00573962713137178 -0.0016307950922389285 -7.28131252243086e-05 0.00033046231362898493 0.00015414260001684674 0.0034774629068568224 8.069371203916636e-06 0.00019863815077464101 7.79697473451833e-06 0.00015385364403119344 0.0005078289762158558 1.985828303479306e-06 -6.050164438769682e-06 1.8229226862135204e-06 1.6748210242114794e-05 1.7672096480131524e-06 1.3839126299345805e-05 2.066256200701494e-06 5.18704229391953e-05 1.5220061872853905e-06 1.2534122699957447e-05 3.543054919677351e-07 2.8356566957524305e-07 1.5646393650020918e-05 8.033869343693894e-06 1.2620171082835288e-06 3.4631534292217326e-06 3.257141262392988e-06 2.3161567455863708e-05 1.747957144898135e-06 9.89663285436928e-06 5.222613711271646e-07 4.283503294643958e-06 4.033942952430321e-06 2.3592996303385385e-06 8.175210258622915e-06 1.0925873271745515e-06 9.799503036654107e-06 1.5679217032647333e-06 3.857036109574135e-06 4.525070012502908e-07 4.9219302344655475e-06
0.00045367110160850443 0.007594191896001331 1.2744601686722566e-05 2.1278908521730244e-05 0.012890890615493887 -0.0031622697319327133 -0.0001277763685655967 0.0006224971339349172 0.00028044286755723986 0.0067524916013072004 2.5073507847740656e-05 0.0006036432397447584 1.1619044302715222e-05 0.0002753008334374688 0.001053402179513473 -4.9066706117981915e-06 1.1443862301147169e-05 3.0709622280055173e-06 2.527685689120281e-05 5.73318207424565e-06 2.830054177283551e-05 4.215900142193366e-06 0.00011146234333911232 2.1235463143633506e-06 1.8113100150734888e-05 4.998860307653858e-07 3.9425380084541685e-07 2.327282353963583e-05 1.1426080006587005e-05 1.7746455991402884e-06 4.972623242242324e-06 4.652369203639424e-06 3.400508397366943e-05 2.5258095331758984e-06 1.4427024684933979e-05 7.206952356574723e-07 6.253505846253084e-06 5.940156980033468e-06 3.382298510616057e-06 1.18316708530584e-05 1.581587596910354e-06 1.4427756177709329e-05 2.2939553492556685e-06 5.514920068996235e-06 6.6426071599165e-07 7.303440024732764e-06
0.0002955924203654886 0.0057512939279677835 7.677757265092517e-06 1.4340860763351248e-05 0.01131717892760771 -0.0021576927084571078 -7.545573883932266e-05 0.00040667504272575344 0.00016080409916469085 0.004571386955710594 2.4131191942381456e-05 0.0007222454661226029 6.702549882715714e-06 0.00015958897585353888 0.0008011557292840492 3.7891476751806134e-06 1.1198561710859628e-05 1.0188317081060963e-06 6.0227617605239226e-05 2.9827666960825776e-06 1.4365017296195248e-05 2.833694338552019e-06 0.00010249112604743995 1.7845282421142734e-06 1.605180616390733e-05 4.3300120882678416e-07 3.426702689245388e-07 2.1582161656592275e-05 1.007460002783447e-05 1.517675739810595e-06 4.429529078616271e-06 4.126246568016887e-06 3.082500886762704e-05 2.2102527956999014e-06 1.3012838488519512e-05 6.130607896097384e-07 5.7184572627322445e-06 5.435862126066904e-06 2.9666301257507965e-06 1.0493565101818978e-05 1.38569979592796e-06 1.3212490558932212e-05 2.0812280544583973e-06 4.904525598725896e-06 5.903034885163507e-07 6.727238272796261e-06
0.00019604987681909092 0.004403138939881343 4.2834927913098535e-06 1.0532902708776173e-05 0.00992553241920821 -0.0015128300306856068 -4.567580707720968e-05 0.00027277617457263496 9.765444216035547e-05 0.003113908793052241 2.1000338168935744e-05 0.0006951506109048981 3.6774548082069834e-06 9.811737797064221e-05 0.000631772265632352 -1.165047181977763e-06 8.251815755965107e-06 -2.2447063823210657e-06 1.0014613587843635e-05 6.396231511343961e-06 9.482515739954246e-06 2.1513368420058107e-06 9.413379617675933e-05 1.5180044608650864e-06 1.4263063991459747e-05 3.90391426105469e-07 3.1490852491987947e-07 2.004324099801615e-05 8.871540006249545e-06 1.3177990417190267e-06 3.963566305417986e-06 3.759507582032082e-06 2.8039895056824122e-05 1.9584805994662175e-06 1.1723661724745929e-05 5.763574263720108e-07 5.213681611594364e-06 5.013834123589828e-06 2.624476873301996e-06 9.366294413110451e-06 1.263931177070013e-06 1.2217156333944224e-05 1.861214883600667e-06 4.390975048257367e-06 5.344874571260278e-07 6.246103377032207e-06
0.00013903120475988252 0.003376108189871971 3.382544945019612e-06 6.7602744908643004e-06 0.008725956190965679 -0.0010906042249135656 -3.447884806902376e-05 0.00019392797799935507 5.952985655394727e-05 0.001996376594508727 1.3561579289040886e-05 0.0006446358964271352 2.091546739108627e-06 5.872920905762234e-05 0.0004870066280252064 2.4991877606029013e-06 -1.5591952477608863e-05 6.805882489779784e-07 -3.915905365187419e-06 4.282772434947809e-06 1.1110516020659936e-06 2.9031765999859874e-06 8.329495454769118e-05 1.3138858618486782e-06 1.2721625922105508e-05 3.515224517029308e-07 2.817139855393422e-07 1.8622913570537398e-05 7.909236066854988e-06 1.161772122747163e-06 3.5499027408263576e-06 3.343649335167351e-06 2.551734682811521e-05 1.7073429429752763e-06 1.0659495421731623e-05 5.368040156352048e-07 4.794250868243869e-06 4.566192913308816e-06 2.3160846736141056e-06 8.333625090126016e-06 1.1143244642331453e-06 1.122710909185472e-05 1.6423158586324963e-06 3.930203661651987e-06 4.777641360757246e-07 5.728391988455189e-06
9.755741102932101e-05 0.002627544572540635 2.0105193439773257e-06 5.2423407648995175e-06 0.007638728077064947 -0.0007831517497311471 -2.121976066856264e-05 0.0001351333126348186 4.194595156661798e-05 0.0013181491115191212 1.2498210157021884e-05 0.0005774096565022631 1.884794580581023e-06 3.335191311249355e-05 0.00038580828774932487 -1.1599271873738854e-06 4.0010143815383655e-06 1.8474644823993851e-06 2.8426156453814055e-05 3.674173572057807e-06 7.122513309867728e-06 1.6482857884169726e-06 6.558825149484685e-05 1.1373998656020928e-06 1.1380517020764027e-05 3.0596403712236455e-07 2.478910709978604e-07 1.727615429933665e-05 7.067748018531205e-06 1.022363428118912e-06 3.19263003670886e-06 2.993188096733172e-06 2.3277368058727553e-05 1.5408926537041606e-06 9.686881986357565e-06 4.6026250790179443e-07 4.396522625679193e-06 4.218341407899277e-06 2.087689513503305e-06 7.529542133892476e-06 1.0037719360623523e-06 1.0336966110441119e-05 1.5661319592540948e-06 3.5146940326917425e-06 4.310599752791805e-07 5.293574044827532e-06
7.115553560102376e-05 0.002057555711892735 8.366483875424865e-07 3.9885762510924636e-06 0.006755427595540293 -0.0005644278530492087 -1.3647413026814371e-05 9.399812951674193e-05 2.49764789668429e-05 0.0008426258286210365 9.01446794654911e-06 0.0005007227439448635 9.191445531994846e-07 2.26183699233107e-05 0.0003097039870598633 1.8816397823377015e-06 3.865048976328814e-06 6.197008130987519e-07 1.0086648852356367e-05 -3.67943339396928e-07 4.480391995295736e-06 1.614203556644262e-06 5.891967725918016e-05 9.781269846538068e-07 1.0245505958284266e-05 2.75051135002027e-07 2.26291056449239e-07 1.611839326700195e-05 6.341153196622228e-06 8.944085047825962e-07 2.8531075231752665e-06 2.6882972211982757e-06 2.1330469406175687e-05 1.382447468841844e-06 8.945986382187766e-06 4.313717155068268e-07 4.045375374278078e-06 3.913031955950608e-06 1.8550373981523219e-06 6.73943622599489e-06 9.01525282403708e-07 9.590360037483752e-06 1.3592155757124253e-06 3.13189985021725e-06 3.8654859494186603e-07 4.927639171805136e-06
4.9127144358370675e-05 0.0016050675915383027 1.2430140263175398e-06 2.460530226331707e-06 0.005957992380849802 -0.000412866632636622 -1.0231183377220532e-05 7.09201778873437e-05 1.2438542503545698e-05 0.00047116639268951423 8.236495726334545e-06 0.0004589817650649059 2.818580511147111e-07 2.4385232385593232e-06 0.00024287710288712966 1.2882147425487134e-06 -1.7309771453483773e-06 4.7103230238049534e-07 2.9366974163125612e-06 3.285419580301074e-06 -1.3572475837090265e-06 1.5235315262436275e-06 5.550909206288458e-05 8.376880592436486e-07 9.17602036979472e-06 2.4477201286277953e-07 1.9677579078188713e-07 1.5025027008021902e-05 5.669293088376789e-06 7.743259423933243e-07 2.573167716974066e-06 2.4319539946649572e-06 1.955697058092563e-05 1.2302698840228268e-06 8.13863561196681e-06 3.803132319380744e-07 3.7456824939288664e-06 3.594994279405779e-06 1.6398090796206174e-06 6.079532180824169e-06 8.177589367289055e-07 8.868368129796832e-06 1.246045472823533e-06 2.8840313200947368e-06 3.4775818474024355e-07 4.520181704230913e-06
6.412133906965411e-05 0.002308858547502963 1.3457572780821903e-06 2.9762665967315275e-06 0.010035542258463068 -0.0005546183836210147 -1.3495358753874508e-05 9.147835565887802e-05 7.956211257133699e-06 0.00029082031037713313 9.933687116455474e-06 0.0006788553411586384 1.474351891007835e-07 1.785232161585449e-05 0.0003630147162107466 1.577204358105084e-06 -3.3168022841679137e-06 -5.3940482098503215e-08 -2.2532788911053928e-06 2.6582168625660787e-06 2.6568859499241927e-06 2.1194785204268608e-06 9.353440003353329e-05 9.908645380606942e-07 1.1197984926990111e-05 2.971837384719893e-07 2.2572035628612398e-07 1.9286181415823944e-05 6.9105233442966175e-06 9.369697471989707e-07 3.155683614213408e-06 2.972736033052569e-06 2.4588581570122896e-05 1.4575454691126045e-06 1.0277082860569184e-05 4.5036181688969984e-07 4.742155762708831e-06 4.53305379007869e-06 1.9802227231249264e-06 7.362384092363711e-06 9.624160788856697e-07 1.126354064352212e-05 1.488771347629201e-06 3.4274390134975137e-06 4.118779918990986e-07 5.797479735324408e-06
3.705524535319144e-05 0.001452897982609246 7.966475391300329e-07 1.5258970641877722e-06 0.007957049985677644 -0.0003005493851405685 -8.04719507427097e-06 4.5768747087616136e-05 -2.400718079278225e-06 -0.00016010752996966653 5.693596071108451e-06 0.0004926790464437322 -4.3042125992988153e-07 -8.326118798207268e-07 0.00023866536404533388 2.1648174484021825e-06 4.909679431800193e-06 1.0143406502392564e-06 1.092001489353457e-05 2.804667067187234e-06 -7.484033774550125e-07 1.8620372700413268e-06 6.866093945857286e-05 7.907403867596126e-07 9.232654674943686e-06 2.4283649590634676e-07 1.9776739579057736e-07 1.6952374362849293e-05 5.691902162942146e-06 7.623418436002933e-07 2.587587141723872e-06 2.414856651820084e-06 2.098662023522299e-05 1.2310244012392634e-06 8.919800453223261e-06 3.768750236267266e-07 4.130830986437991e-06 3.974390911760468e-06 1.6477630532991367e-06 6.051440928955272e-06 8.268767423561847e-07 9.866134167047086e-06 1.2429478605253808e-06 2.75896866302981e-06 3.386481274247746e-07 5.071103958652474e-06
2.268272192509383e-05 0.0009317608446730096 8.560191655608803e-07 1.689787357732734e-06 0.006302866923917645 -0.00018170846190278625 -5.2525159870199304e-06 2.8193671635365338e-05 1.561914427864341e-06 -0.00032020287483427144 1.6675873104735643e-06 0.00035320561405022776 6.83490668343884e-07 -5.786632279389342e-06 0.0001680050570251251 2.2011870589630685e-06 -4.4084628715130766e-06 -3.3079063753229376e-07 1.0181264805537337e-05 -3.3197834337591546e-07 -2.638664813593252e-06 6.295862450353999e-07 5.558502859283952e-05 6.855462605001717e-07 7.64621426291306e-06 2.217588039551756e-07 2.137132533859143e-07 1.4962282414482696e-05 4.770785800452311e-06 7.080650075007321e-07 2.193754525172685e-06 2.1240410205165974e-06 1.8045046737323834e-05 1.1182639707135072e-06 7.683776529124255e-06 3.8908709487722553e-07 3.619299815376792e-06 3.5469907325696368e-06 1.3674220265250125e-06 5.054980052044849e-06 7.402349033656528e-07 8.557473006225382e-06 1.0518920534256194e-06 2.346522348945225e-06 3.307711342402411e-07 4.436592199789511e-06
1.1567274943728232e-05 0.0006352900040880747 1.4414630908439742e-07 5.772447753384654e-07 0.005081316572981931 -0.0001094749188501208 -1.0836671575498403e-06 1.2264459512586552e-05 -3.4465787388346543e-06 -0.00037037634738806667 2.3765492064652595e-06 0.00026079599014398484 4.913164400702683e-08 -1.0830547516993434e-06 0.00011469602757432511 2.9989581238341833e-06 -1.1155467314765688e-05 8.249801050800192e-07 1.2749642811444665e-05 2.1676050363855443e-06 -4.555100163460397e-06 8.089630344083487e-07 4.7400142277158615e-05 5.982453407839989e-07 6.423739012509268e-06 2.003369632902741e-07 1.7512203914204198e-07 1.3311286915960954e-05 4.046984981056763e-06 6.323468717918168e-07 1.908946247633618e-06 1.7850820795279639e-06 1.573946951015659e-05 9.431569165974242e-07 6.716063225185625e-06 3.547364092872425e-07 3.1929997018520265e-06 3.100600802593082e-06 1.1735974199935736e-06 4.31766304999236e-06 6.148621277229541e-07 7.553262312933071e-06 8.738270069984162e-07 1.9611331667898175e-06 2.583422183638956e-07 3.861656213759099e-06
6.35665753773395e-06 0.00043098881845162943 5.221286492621066e-08 3.48392327058662e-07 0.004079834479461893 -7.100928134326658e-05 5.6888595415616535e-08 9.430463911551062e-06 -3.5809096409046656e-06 -0.00037506108670867013 2.0378945128152057e-06 0.00019258428539746847 -2.584137057382303e-07 -1.9737626853927087e-06 8.65550213872574e-05 1.5831872823806593e-06 -6.328340896428649e-06 -1.3286014616499108e-06 -3.4447104022649846e-06 2.8992427311279454e-06 -6.504732206471579e-06 -1.7181075039068574e-07 4.012339220277077e-05 5.471475536493179e-07 5.415168450958208e-06 1.7446558891996064e-07 1.5878683605610467e-07 1.1851101280693177e-05 3.546541733226321e-06 5.857300250186103e-07 1.6579098300931198e-06 1.570482117494334e-06 1.378011939399872e-05 8.853522872934896e-07 5.9861540240639515e-06 3.0090489229503355e-07 2.817590117245356e-06 2.742499426321472e-06 1.15124881331339e-06 3.8704075187510275e-06 5.600919789774475e-07 6.750597265226233e-06 8.511036536008857e-07 1.731610938876509e-06 2.441249173481832e-07 3.44697313814061e-06
7.12054289015657e-06 0.0005029949473107235 -2.908228161164511e-08 3.6014547559895585e-07 0.005880292370604256 -6.473012451086107e-05 -7.063293397816237e-08 5.020205466840009e-06 -6.728508069594674e-06 -0.0005868562962907796 1.632111350276558e-06 0.0002438343617416302 6.709258856937895e-08 -6.24974168874114e-06 9.926549589520998e-05 2.2215127287985166e-07 2.4825067162658122e-06 -8.789387624626119e-08 6.961950145665597e-06 3.1153026755149733e-07 -3.4382991540646175e-06 2.666564795090839e-07 4.6405603047477386e-05 5.328235617668111e-07 6.041504569113757e-06 1.8483317660579437e-07 1.773286552343297e-07 1.4091362968068072e-05 3.8158083188889076e-06 5.776604860251646e-07 1.8053156892627413e-06 1.7150361698609788e-06 1.5954499452682252e-05 9.153612124642697e-07 6.912888264850425e-06 3.419716627005573e-07 3.2823686021424035e-06 3.2208651783607992e-06 1.1621789661942513e-06 4.181077759555322e-06 6.423427542277265e-07 7.956601559567413e-06 8.953858249943243e-07 1.897535155080155e-06 2.668950516192613e-07 4.1185439422248e-06
2.4828465638905944e-06 0.00023714084294143808 1.3909540266227406e-07 3.6882930253815805e-07 0.003739408529399873 -2.6313214684413723e-05 8.891067726228829e-08 1.4725855725105574e-06 -3.03711533522498e-06 -0.00046804708458014023 1.2792987485442084e-06 0.00012906390913200038 1.7699053285144135e-07 -1.1679704655776945e-06 5.60565883229963e-05 1.3356017620041953e-07 2.813598620621052e-06 3.8410525317157395e-08 7.836723967712352e-06 1.3583176064765751e-06 -2.438939223229768e-06 6.724983956869228e-08 2.5519656908628857e-05 4.612320309716255e-07 4.462040609030158e-06 1.5767359755533553e-07 1.4874684545079636e-07 1.1147479463635744e-05 2.954735058283737e-06 5.324129159262867e-07 1.4245823669027038e-06 1.3558894636532034e-06 1.2341792340349406e-05 7.852519240962266e-07 5.520400454174117e-06 2.7772292856414407e-07 2.61881072127444e-06 2.5874516749230173e-06 1.0043863290451957e-06 3.2843069425849335e-06 5.556126048791969e-07 6.305427538821425e-06 7.670836979979118e-07 1.4545930240835915e-06 2.1697077592642264e-07 3.23340130345858e-06
2.919460483849993e-06 0.00023915295329230972 4.4667180619351824e-08 3.302704293188843e-09 0.007479115722316514 -1.8722141351868532e-05 -5.065226865653132e-07 -1.4019566874616205e-06 -7.5134686748624835e-06 -0.0008633123018700503 2.2246597615131433e-06 0.00015556952420744542 -4.393993606471084e-07 3.883860606416827e-06 6.155920959790259e-05 1.260069169837703e-06 -5.148786473728769e-06 7.693635049316297e-07 1.2908440621330587e-05 -1.9055558319725796e-07 -2.3473820352234807e-06 2.967246103748237e-09 2.4763869584198638e-05 4.988960813929246e-07 4.9229722163461605e-06 1.7943268635287415e-07 1.8220685792273344e-07 1.5446939747094724e-05 3.315773560063952e-06 5.929554206109581e-07 1.5735021688095218e-06 1.5743333918068035e-06 1.628927497447211e-05 9.226123779940193e-07 7.426120472902797e-06 3.3583171397386367e-07 3.4780110627342697e-06 3.434496454806882e-06 1.129769155872136e-06 3.660867352675876e-06 5.853844002555231e-07 8.398431869829317e-06 8.48812845269461e-07 1.5960551065896584e-06 2.936497007949021e-07 4.406721853682204e-06

=== costheta bin 0.4-0.6 ===
For each bin: first 23 entries are fitted EFT parameters, next 23 are their uncertainties.
0.00037908677198250363 0.0012974826120072918 0.0002470140863412826 0.0003598053871870849 0.0018947876967469256 -0.0013942317330295423 -0.0006120563703714432 0.001137389776538738 0.001365160222174696 0.0031429081684455364 -0.0007279622242465115 -0.0016734098785731242 0.0005941101994404284 0.0013742076588957655 0.0016590030602938776 -6.47783120029932e-07 1.195803397317731e-06 9.195824029272088e-06 8.028303696265273e-06 -7.664604522590474e-06 1.4683687924786934e-05 8.079322144824229e-06 1.9891562267605356e-05 1.3811436736224186e-06 6.464577950479013e-06 5.783628353315449e-07 6.715003451691866e-07 8.163207303339143e-06 5.295725034442928e-06 1.7110595958341262e-06 3.264574535424407e-06 3.6995456031031727e-06 1.1804238444820198e-05 2.458523216504251e-06 5.911041529859112e-06 1.0629617044330418e-06 3.607701687148342e-06 4.155053961042677e-06 1.997359800177682e-06 5.046161551257263e-06 1.9597920421852207e-06 5.77225585819715e-06 1.32830574754039e-06 2.575684349948952e-06 8.745027171071723e-07 2.8932856096677064e-06
0.0005851799796919842 0.002117257632843988 0.0002919442831952186 0.0004060078992592917 0.0029196633839435417 -0.002211548809752437 -0.0008233371171776822 0.0015722443465900828 0.0018518380749731325 0.004976751311505727 -0.0009551846899417943 -0.002580257301930047 0.0006864213618263166 0.001843898387259794 0.002180111844743855 -9.341783285039261e-06 1.8548987435239253e-05 1.5228602727469458e-05 2.0981650163843215e-05 -1.1656360219483148e-05 2.0578910498802193e-05 1.0238101222237858e-05 2.7964386793366232e-05 1.7170665235940272e-06 8.05333383930026e-06 6.359236796195475e-07 7.17813071450683e-07 1.0192053333482704e-05 6.4534618490035255e-06 1.930811639910244e-06 3.7231360159372397e-06 4.043332446547621e-06 1.4453478202207242e-05 2.6838648301209986e-06 7.120631973863669e-06 1.1469809305667568e-06 3.987968336119337e-06 4.611699904227651e-06 2.4172708610725744e-06 5.5560924196612e-06 2.044612690300161e-06 6.67840912295541e-06 1.5190855274805327e-06 2.6040039202560998e-06 9.04484541757655e-07 3.280312023441784e-06
0.0007004116082015141 0.00255338673798188 0.0002542422043888924 0.0003247085465290037 0.0032461478350099314 -0.0026575440965064994 -0.0008387665201850436 0.0016068626779760667 0.0018108263616895437 0.00574285549459889 -0.000934037858916941 -0.0029704336572745557 0.0005727657443997746 0.0018115730420420213 0.0020516846046152544 -6.480821215917698e-06 1.77620368186621e-05 1.178349097843376e-05 1.4065062296976702e-05 -1.3032552880265433e-05 2.5223886345081456e-05 9.21184308954467e-06 3.091375144025606e-05 1.9021131151503223e-06 8.66018184347664e-06 6.015234168774118e-07 6.512021500645265e-07 1.0590963220735098e-05 6.863939028516994e-06 1.9013367998130287e-06 3.6645480577996156e-06 3.857433914086919e-06 1.5233535054449143e-05 2.550009225930904e-06 7.399426649745416e-06 1.0491559352481978e-06 3.9070051320099615e-06 4.427871952785506e-06 2.605493449828814e-06 5.999093576185527e-06 1.897355263870314e-06 6.704988926849434e-06 1.5530921027777329e-06 2.8589792936175597e-06 8.224743821994153e-07 3.448672449330873e-06
0.000807149851812506 0.0029267035458875263 0.00021526985992031754 0.0002467385817296017 0.0033696930717665202 -0.0030604933282649006 -0.0008293904556145633 0.0015850839045082228 0.001688947126092387 0.006256713711337244 -0.0008714632346278421 -0.0032494127349521704 0.00045905613572341894 0.0016969142228492413 0.0018232066491440603 -1.0970930113147431e-05 2.4123028541009148e-05 1.3248259923029158e-05 1.70632661428623e-05 -1.4347569484923355e-05 3.093602716354014e-05 8.87849673587096e-06 3.254459300103361e-05 2.0524912095638144e-06 9.194728966787152e-06 5.552360507338698e-07 5.716964220983973e-07 1.0758955019316861e-05 7.277171753291976e-06 1.916064941193848e-06 3.5763295984658495e-06 3.660232502928043e-06 1.581371760707991e-05 2.4692279501719934e-06 7.714527877286627e-06 9.440806486823542e-07 3.724840184783521e-06 4.073224980813744e-06 2.764078477785825e-06 6.5356294647421905e-06 1.771052756655901e-06 6.608355608861741e-06 1.6282387413502813e-06 2.9177841460222402e-06 7.596143218563408e-07 3.4202265307850947e-06
0.0010001320674970248 0.0034820039695393603 0.00019183344018480127 0.0001865292464667423 0.0033965692386502973 -0.0037169850898291093 -0.0008714372147450971 0.00163262100326622 0.0016007542814818728 0.006852452807299201 -0.0008456042704310493 -0.003626689118495196 0.0003767564152136815 0.0016079987190548881 0.0015908600198493278 -8.9192618072546e-06 9.810685079224867e-06 9.596051171953284e-06 8.767498941357452e-06 -2.104178459661903e-05 3.619507931260294e-05 8.508709999438872e-06 3.803875593467854e-05 2.2688108158520996e-06 9.920043449472427e-06 5.349775371372389e-07 5.014124371189028e-07 1.0742257921822485e-05 7.890941268835941e-06 1.965027275698823e-06 3.624169783201072e-06 3.5138910980875544e-06 1.6712442405101436e-05 2.3792626515709946e-06 8.133765071264225e-06 8.758113288833969e-07 3.69923194582953e-06 3.78018317351233e-06 3.0223578475176796e-06 6.3964226300977014e-06 1.5779718670685907e-06 6.542344555390764e-06 1.7437149687812985e-06 2.8009450564098446e-06 6.745969563737363e-07 3.398665341272261e-06
0.0013278646121388674 0.004295231269322603 0.00018295510404086788 0.00014021115106068556 0.00327134865133883 -0.004746288537551013 -0.0009786267051785983 0.0017711509858423851 0.001534589535445441 0.0074407042815941085 -0.0008337570039027605 -0.004051579164348292 0.0003173106785954419 0.0015375030143311087 0.0013558804018285267 -4.6564028545389344e-06 9.547076345015811e-06 8.987982330590161e-06 7.99398874323374e-06 -1.8314755012229844e-05 3.516028662022123e-05 6.57749281445392e-06 3.1800607892821205e-05 2.6356061737462903e-06 1.1192631104445759e-05 5.51439875780968e-07 4.5737230208262e-07 1.0885856612504547e-05 9.113121996787283e-06 2.1374260124031423e-06 3.876842237948972e-06 3.643372464478116e-06 1.7835673726091105e-05 2.5371207587297375e-06 9.348005266825097e-06 8.546344110826117e-07 3.8727533355430305e-06 3.7104475845517843e-06 3.5491124299137268e-06 7.298519707899884e-06 1.5076017480315877e-06 6.993102407290484e-06 1.974344443715468e-06 3.313642514012106e-06 6.251846246773895e-07 3.675113120760335e-06
0.001348455917944476 0.004610213874519029 0.00015145762100228255 0.00010463487728129173 0.0031396828983489993 -0.004911060469706498 -0.000889152193895562 0.0016692898276322486 0.0013528601170758867 0.007415858127962811 -0.0006907995689033087 -0.003796841850903481 0.00024518032433098113 0.0013468598449244398 0.0011497363614665905 -4.387641816493404e-06 1.4647044859194776e-05 7.205259486197248e-06 4.361357461108377e-06 -1.7165207471260196e-05 3.712598320257915e-05 5.235385831481668e-06 2.7343549876953736e-05 2.713833933029235e-06 1.171545533331712e-05 5.176283260478856e-07 4.173685528153993e-07 1.0928562910373722e-05 9.471741022975984e-06 2.1181213746925057e-06 3.924005945627622e-06 3.6218648062932335e-06 1.8531422456464046e-05 2.5221048413411324e-06 9.933361347182094e-06 7.863884094605819e-07 3.959972791693489e-06 3.5064846254005803e-06 3.669104500119452e-06 7.620029865639517e-06 1.479151145813562e-06 7.183021345954328e-06 2.18172956210798e-06 3.5024882725346054e-06 5.599617946573793e-07 3.393165765535028e-06
0.001222744464521267 0.004554696578034006 0.00011943885753631375 7.94488826362858e-05 0.0029875019075815547 -0.004605164937521214 -0.0007441527156471251 0.0014779308076439566 0.0011400690424375783 0.0069798441375318945 -0.0005326259747060849 -0.0032533469033253722 0.00018432745468612244 0.0011285110731115583 0.0009721617484668406 4.278833999851218e-06 -6.97560418075189e-06 4.0591698374025556e-06 -9.930361663219468e-07 -1.4582986815227337e-05 3.2745370502677535e-05 3.9290315561494485e-06 2.2433091872823365e-05 2.6397273791692167e-06 1.1901906915106038e-05 4.773960772823573e-07 3.8900664415798765e-07 1.1021085381583698e-05 9.507337862070305e-06 2.037211917662939e-06 3.887203243483279e-06 3.59730780289214e-06 1.876102046497348e-05 2.4517959213124437e-06 1.003430600917684e-05 7.297208083635116e-07 3.8456516150517425e-06 3.369365598561796e-06 3.596939087089797e-06 7.904575890135964e-06 1.420135027667664e-06 7.630361924469059e-06 2.216493064145107e-06 3.633886344287925e-06 5.349927521481388e-07 3.2614109898739023e-06
0.001061223385291597 0.004377688184366015 9.341808085936341e-05 6.140398097411588e-05 0.002849998588407826 -0.0041587451978609795 -0.0006073342930870689 0.0012799349242689677 0.0009478978345577447 0.006478299392209014 -0.00039716591921287167 -0.0027271806749589143 0.00013866178252404756 0.0009469996571404524 0.0008358387699407368 -4.752127590710875e-06 1.0658501822270135e-05 5.220644238682563e-06 1.158665381136002e-05 -1.1891118285516102e-05 2.4818686232384456e-05 3.2990954659759864e-06 2.43554385602942e-05 2.5051835900355607e-06 1.1941446223491957e-05 4.497123639161969e-07 3.665444184593853e-07 1.1075520323562763e-05 9.286367160244682e-06 1.9291214110954053e-06 3.775942062994271e-06 3.494132459656566e-06 1.860345375036727e-05 2.345315671592798e-06 9.95903815182204e-06 6.980035515505893e-07 3.7479472789054866e-06 3.2693409642960415e-06 3.4183597734133434e-06 7.793652272711526e-06 1.3819508613782292e-06 7.60461510748788e-06 2.14107887330703e-06 3.5915167944980642e-06 4.995121863161401e-07 3.3463658030819945e-06
0.0008994647327125952 0.00406351596339975 7.180522702761457e-05 4.770478226938189e-05 0.0026920943698202676 -0.0036490551222052676 -0.00048557231158125313 0.0010761316235157292 0.0007721582122216608 0.00580903388440536 -0.00029180785072935273 -0.002199376708072593 0.00010265265253792488 0.0007719637623306701 0.0007152374456226983 -1.0646702303502894e-06 5.5914394408856385e-06 5.141329196181232e-06 1.1858474706049355e-05 -1.3655715767395795e-05 2.885961091720491e-05 3.6757613856959723e-06 2.9000917316701796e-05 2.345990276445759e-06 1.1721385652689342e-05 4.2851872026829e-07 3.4614838681232697e-07 1.0949709412413685e-05 8.954772749076117e-06 1.8077373512771656e-06 3.6200708132618896e-06 3.367357695372795e-06 1.831937133554236e-05 2.213129167626901e-06 9.729567700881174e-06 6.58988419178703e-07 3.6504679911953716e-06 3.1798050601937166e-06 3.206750409771691e-06 7.655989509188214e-06 1.3058395610138893e-06 7.599187980200223e-06 2.0305114939656154e-06 3.533246119238813e-06 4.6191418878945883e-07 3.409064221922992e-06
0.0007408828248861275 0.003716357121437845 5.328317696182213e-05 3.6794321634209806e-05 0.0025545983985821997 -0.0031455936018206236 -0.0003748816861599799 0.0008915639699707507 0.000615448317235969 0.005183144099046752 -0.0002057203765807965 -0.0017294367447009053 7.408838719504695e-05 0.0006251231419235083 0.0006166372397520824 -3.069861909947619e-06 4.805843631707178e-06 -1.0922648246201507e-06 -7.318019811981125e-06 -3.3944584269651763e-06 2.1678925335714866e-05 2.0354389842560216e-06 2.0408680363302604e-05 2.165271154279185e-06 1.1314369882154423e-05 4.000104867377916e-07 3.1863307643074307e-07 1.0748293803295485e-05 8.470952860461966e-06 1.6649540431159472e-06 3.413608187797387e-06 3.2002445518998008e-06 1.7952941352853327e-05 2.05253267268713e-06 9.352605056359883e-06 6.046626499777842e-07 3.493431672781676e-06 3.076864649023482e-06 2.9989636968476877e-06 7.442050162698056e-06 1.2243110787835525e-06 7.5768521810287274e-06 1.9341764299973313e-06 3.47197349709779e-06 4.3352070881925604e-07 3.4224192014714117e-06
0.0006097001623418336 0.00339196192366748 4.075816642642622e-05 2.910031651668834e-05 0.002428785592040791 -0.0027040515800963514 -0.00029483989097108464 0.0007432458226362827 0.0005044076369191499 0.004586784064404649 -0.0001470070209040027 -0.0013467836076194136 5.539879155870032e-05 0.0005059813671798976 0.0005350711210831847 -5.491176605845256e-06 1.4662929028955797e-05 2.614712984275085e-06 2.1910696558948462e-05 -6.116483691574109e-06 1.875882119285685e-05 1.9768711133840894e-06 2.179442298029729e-05 1.9941971347953532e-06 1.0917915612703471e-05 3.7403984184089e-07 2.979159078798908e-07 1.053713747397218e-05 7.951530917271628e-06 1.5251625907491956e-06 3.205776880848086e-06 3.031322557874249e-06 1.751977599303939e-05 1.8978163084190782e-06 8.931225807882087e-06 5.586880253077129e-07 3.357320549047669e-06 2.9580060660698778e-06 2.7717475530724057e-06 7.116209524385756e-06 1.1492772327187735e-06 7.424475788677769e-06 1.806248573336938e-06 3.3365217959702463e-06 4.0703043300131417e-07 3.3733389683064886e-06
0.0004948396542272686 0.0030187514404569843 3.035035816545386e-05 2.2625497632685104e-05 0.0022892559902404444 -0.002280383959062903 -0.00022783625442587144 0.0006030562642717036 0.0003951879885589097 0.003979404284172311 -0.00010170454171463372 -0.0010345996166181476 3.984713497390125e-05 0.00040125508437358 0.00045531430559510566 -3.7205521166236483e-06 1.1656398331862583e-05 2.516687152227667e-06 9.449133017054152e-06 -8.315198578360616e-07 1.4367855655482095e-05 2.4995525175819898e-06 2.569558724399103e-05 1.828055292265532e-06 1.0392796115249572e-05 3.4671609388310685e-07 2.7507688061592097e-07 1.0292157644213332e-05 7.4991287071632656e-06 1.3958845989795992e-06 3.0266757662920156e-06 2.8686216399365243e-06 1.694294908522163e-05 1.74370131263813e-06 8.443726342194133e-06 5.108710745811303e-07 3.237695021441231e-06 2.886666848396287e-06 2.588986168335405e-06 6.83222096790977e-06 1.0454342685556428e-06 7.262859381783559e-06 1.703144210659242e-06 3.2206237698882727e-06 3.627085761606345e-07 3.2719689967705242e-06
0.0004007056081862003 0.002692833385723187 2.2705334939390852e-05 1.7862162339449483e-05 0.002142039877176008 -0.0019204668946886728 -0.00017578302696123863 0.0004930777357016257 0.00031574061939124474 0.0034460763771239017 -6.915638609724959e-05 -0.0007739059414457072 2.896734776811764e-05 0.000319614331127004 0.0003950550033541672 -1.0890046629532636e-06 3.384833185047866e-06 2.1559687418961263e-06 9.439422247832802e-06 -1.9861843576006074e-06 1.4427969823432597e-05 1.67960754178149e-06 2.217991103743893e-05 1.6739001500872451e-06 9.904326852227098e-06 3.2457645796443576e-07 2.5401628940851243e-07 9.977179201664927e-06 7.031201508854227e-06 1.2925519485397358e-06 2.8538215407086217e-06 2.7155122888084195e-06 1.628964659416907e-05 1.6121470094970486e-06 7.981455140232752e-06 4.7179403880593586e-07 3.0820280574544005e-06 2.7416570956730886e-06 2.3940283340343886e-06 6.453784519107816e-06 9.850642355793545e-07 6.9180371045884495e-06 1.599474160255155e-06 3.069735644509267e-06 3.64704726312074e-07 3.2004056613050746e-06
0.00033326106015602193 0.0024126938662254816 1.7992206101637164e-05 1.4414681466564593e-05 0.002007179945893805 -0.0016458431621532413 -0.00014264409334330844 0.00041221276209925286 0.00025787141919613295 0.003008473437835051 -4.9683220386882665e-05 -0.0005870621679885474 2.2024782314726117e-05 0.0002563177859709997 0.0003430199427180746 -1.5881871042409677e-06 1.8999652718934712e-06 3.0469203789840067e-06 -6.5068252497335954e-06 -2.2727201123179863e-06 1.2294339554601905e-05 1.7277235626687807e-06 1.530648226548966e-05 1.5400607713437918e-06 9.437337664983295e-06 3.13786166752568e-07 2.3225690673739675e-07 9.663417890193619e-06 6.656374725454791e-06 1.2178968089567047e-06 2.70843825397032e-06 2.539686744968438e-06 1.5692706893304534e-05 1.4853854856909442e-06 7.5441879592172925e-06 4.4269725392046806e-07 2.965884448807925e-06 2.6503491214072844e-06 2.2154895028034286e-06 6.123912149213208e-06 9.014927947699249e-07 6.60493394457911e-06 1.4617302472196545e-06 2.897991784469153e-06 3.3181186828118577e-07 3.115371564858705e-06
0.0002739034952188638 0.0021395273747303895 1.3710627345031225e-05 1.1425184199425288e-05 0.0019055354082578755 -0.0013959346941388206 -0.00011219390433110477 0.0003395886163978182 0.0002052406611460295 0.002627303100246984 -3.3947419601287e-05 -0.00044515220796577924 1.6150959834356404e-05 0.00020959299912382811 0.0003009979551859991 5.372051141281858e-07 4.4999621281075985e-06 2.9693307586966754e-06 8.646144589644797e-06 -3.042150270728872e-07 1.4850691716356364e-05 1.5321656875055013e-06 1.5959556061357872e-05 1.4155194323791807e-06 8.935808935417996e-06 2.7765987079528126e-07 2.1380049272839403e-07 9.357266828647851e-06 6.211254954517078e-06 1.1071158036295352e-06 2.533114155580267e-06 2.390156179346761e-06 1.5067071120057738e-05 1.3778261002454075e-06 7.113884574958167e-06 3.9310354181356125e-07 2.81366812393562e-06 2.5393165341677875e-06 2.068261830153685e-06 5.815545749588606e-06 8.457454646335444e-07 6.385655857999659e-06 1.3841845019196618e-06 2.7759545861942454e-06 3.2674461242200677e-07 2.9952748883938613e-06
0.00022353154540991787 0.0019103906794895 1.0710281096175154e-05 9.321566870621295e-06 0.0017989107751577075 -0.00117698970738808 -8.891012738846025e-05 0.00028387964912612987 0.00016599352664254787 0.0022756529128035983 -2.191995187556283e-05 -0.00030122060469819483 1.1858618646297909e-05 0.00016373877854510452 0.0002634989728165663 -8.714674143527439e-07 -6.003994565869318e-07 8.193603694172771e-07 4.307490153391399e-06 -3.829435013981359e-07 4.813482017373882e-06 1.089892747447709e-06 1.657060443373737e-05 1.2994951923290324e-06 8.496659991482069e-06 2.6279895913750657e-07 1.9956005582491978e-07 9.052823940233521e-06 5.831925597794836e-06 1.0223080583849055e-06 2.378855385763071e-06 2.238328138118088e-06 1.4461196037228112e-05 1.282042193173587e-06 6.737019515252437e-06 3.737350362195142e-07 2.6653208800728974e-06 2.431704379952782e-06 1.888687541485022e-06 5.462600949274116e-06 7.780118263447459e-07 6.04310195091309e-06 1.247209810858419e-06 2.6427380410814146e-06 3.012344349153312e-07 2.918296099652183e-06
0.00018244284760412507 0.001686524439802972 8.08681062694719e-06 7.351353688029726e-06 0.001694164904776482 -0.0009950854835277952 -6.919306629924298e-05 0.00023082686256241077 0.0001307049203968858 0.0019581261267294296 -1.4212523502208766e-05 -0.00021270969813726788 8.725020694202137e-06 0.00013183242841454027 0.00022641669117346903 -5.308845269918867e-07 8.783056780507629e-07 1.594742085247381e-06 4.044580720978605e-06 4.631846321206591e-07 8.512551918092084e-06 1.3075857785760483e-06 1.8172018540416098e-05 1.189005828681247e-06 8.036879282785612e-06 2.5318346013921786e-07 1.9111914019577114e-07 8.79081396476254e-06 5.479266325938741e-06 9.520123311282551e-07 2.2514295295875897e-06 2.1285007364467203e-06 1.3879509990241588e-05 1.2085123928846084e-06 6.3433599045480984e-06 3.5969997400067925e-07 2.5714169692420283e-06 2.342988570171562e-06 1.7629006317203464e-06 5.2667302048033495e-06 7.431897677661224e-07 5.795730538257087e-06 1.1604864719836506e-06 2.5166364226169965e-06 2.889403054532283e-07 2.821076064859377e-06
0.0001502366140448179 0.0014970270285812502 6.6779998485923536e-06 6.333127193632025e-06 0.0016034837887909466 -0.0008434265241139601 -5.526541891196427e-05 0.0001930166170978126 0.00010656458364061204 0.0016808848629100157 -1.0241230774832779e-05 -0.00014693351326029323 7.423895315406412e-06 0.00011262797121648197 0.00020139590774073918 2.5597842094797313e-06 -7.099926029831059e-06 5.362111443218432e-07 -1.7624992836421934e-06 8.143098562366729e-07 7.092185899262683e-06 7.642242921903371e-07 1.7842759079850767e-05 1.1032036839305453e-06 7.660324868753348e-06 2.4136653767179875e-07 1.8367773954717928e-07 8.5334965354168e-06 5.172589888926711e-06 8.909432617047155e-07 2.1483511620148965e-06 2.027077378602208e-06 1.3353050759323774e-05 1.161753878322582e-06 6.071532103206266e-06 3.4595717302057027e-07 2.4958742079919842e-06 2.2868489520909383e-06 1.6794656060839894e-06 5.024884718808692e-06 7.144042308579296e-07 5.655591324272941e-06 1.1455063940519108e-06 2.359172653803617e-06 2.8290202529318347e-07 2.7480438947090047e-06
0.00012327274729447498 0.001310058650095968 4.788150161722414e-06 5.6467219943163435e-06 0.0015163911593730581 -0.0007055448213135185 -4.352313101520651e-05 0.00015952569120323084 8.675354053515648e-05 0.001429476402898485 -6.198382106168625e-06 -7.094420404270637e-05 5.364413975821617e-06 8.480116024953233e-05 0.00018205364725846834 -6.326161259037032e-07 -2.2334594004661447e-06 -1.1372227983845646e-06 -6.901398357012761e-06 -1.0006589636028277e-06 2.676168003518957e-06 3.7352191382110133e-07 1.0713133207123192e-05 1.0091266248555323e-06 7.210837847484461e-06 2.191001837622504e-07 1.7653715841310247e-07 8.240417311847028e-06 4.816432453415895e-06 8.156374906664071e-07 2.0079635958753152e-06 1.908556728668526e-06 1.2724918824700642e-05 1.0878500551692507e-06 5.690919096147044e-06 3.2394274950557104e-07 2.3551141630856324e-06 2.1807099681816325e-06 1.528229401730925e-06 4.715906603075618e-06 6.807496966888255e-07 5.330332464143881e-06 1.024111290587402e-06 2.219099098061098e-06 2.7163740846105256e-07 2.6321370737744675e-06
0.00010260234818417652 0.0011751720992770323 4.040943665020583e-06 4.383863786956789e-06 0.0014259323857510572 -0.0006057610588681995 -3.547148690135822e-05 0.0001336546656552461 7.030354398491688e-05 0.0012518562421881727 -2.7078776258762077e-06 -3.719905110071209e-05 4.250212484602038e-06 6.999292691781098e-05 0.00015639372712916353 -2.646922583451233e-06 1.539559885263578e-06 1.0302214676679964e-07 5.762968247913125e-07 -1.0837220445023856e-06 5.976508525127253e-06 6.707277676616861e-07 1.533240476989152e-05 9.397310000701736e-07 6.871952912445904e-06 2.0786368668262379e-07 1.608019385206796e-07 7.957937382908113e-06 4.540849856608705e-06 7.619358850079152e-07 1.907823622040034e-06 1.798347610960632e-06 1.2217657874790514e-05 1.0129222477753695e-06 5.431815842165941e-06 2.969680028023038e-07 2.274782844047749e-06 2.0898663022553042e-06 1.4391057761208651e-06 4.493634408991301e-06 6.278264606335811e-07 5.111381541828972e-06 9.889776274544592e-07 2.101285702062768e-06 2.5528251359882255e-07 2.533511713104745e-06
8.356375649996539e-05 0.0010461291641329193 3.138133345723924e-06 3.8393903441597146e-06 0.0013470615029624732 -0.0005157301635716349 -2.8170754404267625e-05 0.00011096962246914467 5.741389529983812e-05 0.001060540111885817 -2.240333541146149e-06 -1.1951761407875671e-05 3.3949072682046855e-06 5.558291154327906e-05 0.00014026482935677577 1.5545740993682528e-07 -1.8130311569834448e-06 3.3960775446017486e-07 -3.230169454848344e-06 1.6412328345787408e-07 5.023859429091449e-06 9.88374841093854e-07 1.5022925706507391e-05 8.610707784940476e-07 6.535468127823232e-06 1.9907593694987546e-07 1.5525123137537698e-07 7.72062947739246e-06 4.2751501146337274e-06 7.053291320104479e-07 1.8208249213376065e-06 1.7292270274549175e-06 1.1739879695828303e-05 9.448494235381376e-07 5.137681871856419e-06 2.911527269267605e-07 2.1670288037266485e-06 2.0187631513943865e-06 1.3365889925895736e-06 4.29326015280784e-06 6.01428044161092e-07 4.932489341133048e-06 9.074504726751887e-07 2.029978007872235e-06 2.349456243042684e-07 2.4463896309863642e-06
7.108871280093263e-05 0.0009310587659182489 2.70926934776039e-06 3.0718769540154425e-06 0.0012828915091226902 -0.0004399969641049433 -2.349656303388742e-05 9.372104844803926e-05 4.6840679206608185e-05 0.000915537648665113 1.2666346129584649e-06 2.5139463688793628e-05 2.4132832230138097e-06 4.6241157064842774e-05 0.00012459015678642276 2.2721752262645038e-07 -2.268934517788543e-06 9.742387905975765e-07 6.257305780293211e-06 7.13388694700743e-08 4.200872786336134e-06 6.800800129608917e-07 1.3720694286266308e-05 8.063753686549545e-07 6.211609890906824e-06 1.8702984907105512e-07 1.4699666848089508e-07 7.485130442484107e-06 4.035996878106701e-06 6.715828615576634e-07 1.7291648171767218e-06 1.6515099751218172e-06 1.1255147396577025e-05 8.966656295574144e-07 4.918426741924822e-06 2.7405722249095124e-07 2.112141282002392e-06 1.9433548760176514e-06 1.2328119152271905e-06 4.091406940017861e-06 5.676314957260425e-07 4.742900977843435e-06 8.244194955945837e-07 1.9149938041899326e-06 2.3099296028696187e-07 2.3544506159820307e-06
0.0002902391395004952 0.004198241648087049 9.580701216242792e-06 1.3073317265625618e-05 0.006122447198149093 -0.0019060846102831343 -8.99620039011243e-05 0.0003961185297049399 0.00019028883893432093 0.004021845624250589 5.292936884897853e-06 0.00013687612204116956 9.07831692568215e-06 0.00019481268280873554 0.0005730392041852123 -3.0249050207418423e-07 2.386488293537691e-06 5.961651949512261e-09 -8.289396110869967e-06 1.9998466875461448e-06 1.426264739347082e-05 2.48114876163939e-06 5.8583289966129996e-05 1.6369820071229579e-06 1.3202030568589198e-05 3.7834380400256124e-07 2.9956637236284705e-07 1.6246400163237348e-05 8.482776127035278e-06 1.350497220516938e-06 3.642602918343807e-06 3.4483290195631486e-06 2.4206656506281235e-05 1.8462041718578095e-06 1.0358170715256704e-05 5.540427082864192e-07 4.455729164920292e-06 4.1815527238203095e-06 2.554049156880099e-06 8.668033644598803e-06 1.1784435761180168e-06 1.016582570762444e-05 1.7125814239954123e-06 4.059124185667276e-06 4.7402581908934354e-07 5.109618953197974e-06
0.00024351056435713763 0.003720169774550559 8.046232456014004e-06 1.1420928424451421e-05 0.005739728995810593 -0.0016307611649662949 -7.281911844319704e-05 0.000330470232623413 0.00015415242260578274 0.003477607044158348 8.068610487094982e-06 0.00019865263084061505 7.798292742381396e-06 0.0001538348865967926 0.0005078428640433512 1.9951393721554274e-06 -6.081482929671608e-06 1.824220795998753e-06 1.668916882577797e-05 1.7676910931688546e-06 1.3800612502312236e-05 2.0654685442494167e-06 5.180852825737003e-05 1.5219991115191302e-06 1.2534183050555249e-05 3.543092989906656e-07 2.835673890023735e-07 1.5646500546842604e-05 8.033838882014864e-06 1.2620129018808493e-06 3.4631425340435738e-06 3.257118220122169e-06 2.3161538985860972e-05 1.7479808708614138e-06 9.896534461030188e-06 5.222750026229198e-07 4.283523508721607e-06 4.033967781997671e-06 2.35928920949269e-06 8.175120895157817e-06 1.0926118992721572e-06 9.799538009975172e-06 1.5679019272252978e-06 3.856828583480858e-06 4.524795603570355e-07 4.921802331253044e-06
0.0004536629350201349 0.007594133306494457 1.274895514017616e-05 2.1279188809243397e-05 0.01289106779233913 -0.0031621410271293186 -0.00012778691842140445 0.0006225145602184209 0.0002804816837906397 0.006752936550795852 2.5059825683318672e-05 0.0006036015965451628 1.1623119770590271e-05 0.00027531093625893753 0.0010534158688577675 -4.8576140977035325e-06 1.1238361956655752e-05 3.0797059677912855e-06 2.5234054921524867e-05 5.7418309155298685e-06 2.8161914670313113e-05 4.215947091631739e-06 0.00011136073078703655 2.1235368549994516e-06 1.8113378791072145e-05 4.998920618450946e-07 3.9425170913014183e-07 2.3272839424547152e-05 1.1426006119615926e-05 1.7746488426230506e-06 4.972617157735224e-06 4.652392163904869e-06 3.40050860791265e-05 2.525843647661544e-06 1.4426925510343777e-05 7.207026993177425e-07 6.253593200348745e-06 5.940224258833575e-06 3.3823200064595003e-06 1.1831560278856812e-05 1.5816069009220691e-06 1.4428115166151519e-05 2.2939839020444347e-06 5.5147213143051825e-06 6.642264673147715e-07 7.303428683237111e-06
0.0002955864214792701 0.005751193613367811 7.680615094154148e-06 1.4340844123945014e-05 0.011317255237686378 -0.00215759995265256 -7.546432108723306e-05 0.0004066898930957605 0.00016083345228551867 0.004571661357480097 2.4116091517682763e-05 0.0007221560960487974 6.706203643319188e-06 0.00015959147285522107 0.0008011452574645702 3.827366457236898e-06 1.0974759075570755e-05 1.0245150740224946e-06 6.016545916169116e-05 2.998674398911735e-06 1.423453696625775e-05 2.8344177227030293e-06 0.00010244331730805376 1.7845241787467877e-06 1.6051949354275134e-05 4.33004528431358e-07 3.4266911286296753e-07 2.1582029774087412e-05 1.007452961000603e-05 1.5176743372208266e-06 4.429506247788953e-06 4.126257827341495e-06 3.082496917098862e-05 2.2102856704154215e-06 1.3012791567492185e-05 6.130658176863657e-07 5.718494867273878e-06 5.435937856054228e-06 2.9666387922478213e-06 1.0493400466025066e-05 1.385722086134891e-06 1.321284571433117e-05 2.081258793358609e-06 4.9043552512358085e-06 5.902860317661026e-07 6.727335083051053e-06
0.0001960473310739493 0.004402983637068155 4.286196387513293e-06 1.0532831182008888e-05 0.009925525547275691 -0.0015127867787648411 -4.568649970620934e-05 0.00027278151660534166 9.767774899421246e-05 0.003113863987578704 2.0983059130102753e-05 0.0006949909884552344 3.6806200553707903e-06 9.811514589918414e-05 0.000631749519463695 -1.1463876495806226e-06 8.130163117678229e-06 -2.2379696504997226e-06 9.848950038673996e-06 6.4016613122688935e-06 9.396101282743434e-06 2.1519423435944546e-06 9.409660830396014e-05 1.5179989890011708e-06 1.4263162539664708e-05 3.9039736975827505e-07 3.149052548103265e-07 2.0043012182735192e-05 8.871422196069103e-06 1.3177954048123145e-06 3.963562832427663e-06 3.759514667033518e-06 2.803985699555614e-05 1.958506442364317e-06 1.1723632933964692e-05 5.763617294142862e-07 5.2137177001980626e-06 5.01386494520393e-06 2.6244757493262953e-06 9.36615072726402e-06 1.2639390914840358e-06 1.2217435073203215e-05 1.8612485446866807e-06 4.390824714551834e-06 5.344785250016188e-07 6.246087494992769e-06
0.00013903274015457368 0.0033758490391174265 3.3852402395661807e-06 6.761411949165484e-06 0.008725885106676648 -0.0010905631605597895 -3.448836062672205e-05 0.00019391991584894643 5.953459516908703e-05 0.0019961299621953843 1.3555004312631683e-05 0.0006444964325221791 2.0933865231650275e-06 5.8734726504354875e-05 0.00048702121153826046 2.5074567337502063e-06 -1.562905810610113e-05 6.852619002836363e-07 -4.095332375992338e-06 4.283361153063488e-06 1.0417346554641585e-06 2.9036561905964073e-06 8.329953062103962e-05 1.31387717170305e-06 1.2721712179415448e-05 3.51528700403512e-07 2.817099525164843e-07 1.8622613292395576e-05 7.909147728193454e-06 1.1617706126486694e-06 3.549905774042921e-06 3.3436492257449005e-06 2.55171946288323e-05 1.7073583589883634e-06 1.0659481785545372e-05 5.368072001769967e-07 4.794226994895839e-06 4.566197503461411e-06 2.316082276873848e-06 8.333494958896991e-06 1.1143326861243851e-06 1.1227289964333278e-05 1.6423498633688054e-06 3.930136211566714e-06 4.777680653668557e-07 5.728368136705439e-06
9.756091536336043e-05 0.0026273526258838746 2.012543541778753e-06 5.242856796448101e-06 0.007638628208738339 -0.0007831364944804057 -2.122846531765996e-05 0.00013512274403164573 4.194816168636516e-05 0.0013178611149339359 1.2495674234756413e-05 0.0005773172210697858 1.8845337234196313e-06 3.334281426934539e-05 0.0003858116251482489 -1.152451036755983e-06 3.971262870378321e-06 1.8537033763935954e-06 2.833913334568849e-05 3.6720012446420044e-06 7.070922614277034e-06 1.6477750448776007e-06 6.558024067830214e-05 1.1373916007681722e-06 1.1380625943213597e-05 3.0596858393271597e-07 2.4789037825688977e-07 1.727606910822926e-05 7.067695157951895e-06 1.0223557414798859e-06 3.1926589896882292e-06 2.993205611887227e-06 2.3277197506382245e-05 1.5409121239127275e-06 9.68688131157203e-06 4.6026607156957557e-07 4.39651577213302e-06 4.218363922716138e-06 2.0877049731696333e-06 7.529492559318363e-06 1.0037817423875784e-06 1.0337148354890426e-05 1.5661808670960405e-06 3.5146894830952354e-06 4.3105522430927035e-07 5.293495970366814e-06
7.11586460988483e-05 0.002057459320038375 8.37776304165773e-07 3.988590001342961e-06 0.006755305548419733 -0.0005644292177040564 -1.3653895247380043e-05 9.399544168932007e-05 2.4983404608698018e-05 0.0008424637811960705 9.010994682394815e-06 0.0005006234907916262 9.18449982608317e-07 2.2595783189541428e-05 0.0003096935500349214 1.884577132592818e-06 3.868413403982214e-06 6.231411883703067e-07 1.0000837139694187e-05 -3.6774936802333346e-07 4.439933019864227e-06 1.6138995736060292e-06 5.89122574635419e-05 9.781288908044051e-07 1.0245635204171545e-05 2.750569458934505e-07 2.262899777273006e-07 1.611834692180104e-05 6.341131589519741e-06 8.944149233275333e-07 2.853156986316761e-06 2.6883166199481513e-06 2.1330261996616897e-05 1.3824796650543517e-06 8.946022663338732e-06 4.313755544656541e-07 4.045368968498495e-06 3.913043883885911e-06 1.8550587622944369e-06 6.739389085816098e-06 9.015406425505128e-07 9.590504684209733e-06 1.3592640286799561e-06 3.1319319358908855e-06 3.8655517456089633e-07 4.927566382650062e-06
4.9129017526938854e-05 0.0016050024021553176 1.2436928558300638e-06 2.4605453513427344e-06 0.005957905519571987 -0.0004128555058171474 -1.0235557495524764e-05 7.091542004547388e-05 1.2446056662324288e-05 0.000471158575445953 8.235602762466223e-06 0.00045890090869029856 2.806651274631669e-07 2.411160986070945e-06 0.00024285983517823508 1.2907768175870403e-06 -1.7324021879168908e-06 4.730477948881495e-07 2.8626715054335195e-06 3.2853396488133184e-06 -1.404800733868324e-06 1.5226807166596449e-06 5.550642026059544e-05 8.376864556653149e-07 9.17604782993799e-06 2.4477609749344934e-07 1.9677147332186903e-07 1.5024980228152097e-05 5.669217989103696e-06 7.743237561913273e-07 2.573207044424585e-06 2.43192910401564e-06 1.9556598531063694e-05 1.2302815387905626e-06 8.138623065772091e-06 3.8031439836342045e-07 3.74567162508631e-06 3.5949852896931506e-06 1.6398009562079756e-06 6.079289992982711e-06 8.17758923258018e-07 8.868436922879487e-06 1.2460602713766345e-06 2.8838841638438463e-06 3.477501931108751e-07 4.5201421301662415e-06
6.412712304685303e-05 0.002308798895885375 1.3469626561599836e-06 2.976086051894877e-06 0.010035186487276849 -0.0005546044404550388 -1.3503887161768528e-05 9.148018047843165e-05 7.963781802578767e-06 0.00029072961512320404 9.93629633226028e-06 0.000678718537592077 1.4442056184334432e-07 1.7806712549910557e-05 0.00036299419097605274 1.578986079531503e-06 -3.3397729710725794e-06 -4.9576641199793045e-08 -2.4702978445434763e-06 2.6514250433337213e-06 2.571092583988868e-06 2.1197282294738718e-06 9.353304459964445e-05 9.90864501612016e-07 1.1197972819300852e-05 2.9719009052488587e-07 2.2571502263389239e-07 1.9286127995623572e-05 6.9104194686463935e-06 9.369633269356595e-07 3.1557255202565417e-06 2.972725391702894e-06 2.458805092527379e-05 1.4575670587474974e-06 1.0276995930079913e-05 4.5035618715657457e-07 4.742145069834982e-06 4.533040223967626e-06 1.9802291409691136e-06 7.362057108638939e-06 9.624145179303538e-07 1.1263657434581198e-05 1.4888078081539434e-06 3.427313500798286e-06 4.118744913476703e-07 5.797236639395526e-06
3.706040927957221e-05 0.0014528783036225842 7.976202789816021e-07 1.525781640774793e-06 0.00795659376412336 -0.00030054277583534714 -8.05417573021076e-06 4.576932891779781e-05 -2.391266907021056e-06 -0.00016021537694178983 5.692074676781636e-06 0.000492600037145263 -4.318549023501008e-07 -8.661909797461349e-07 0.0002386265055581144 2.165883207270035e-06 4.878830191156504e-06 1.017154405770044e-06 1.0820700653436685e-05 2.796408726007077e-06 -7.84231659561496e-07 1.8620481483688825e-06 6.865110124996794e-05 7.907244792950284e-07 9.23263348750574e-06 2.428386692824596e-07 1.9775519778303337e-07 1.695224881813652e-05 5.691766217197289e-06 7.623255241622688e-07 2.5876179795887338e-06 2.4148161446037654e-06 2.098610229580558e-05 1.2310436282417657e-06 8.919631817740097e-06 3.768749665548609e-07 4.1308147470215855e-06 3.974363176611046e-06 1.6477678388533138e-06 6.051067319501958e-06 8.268764090045229e-07 9.866193531083362e-06 1.2429733041936863e-06 2.7588592507198088e-06 3.386435271033904e-07 5.07090737515407e-06
2.2686444916820416e-05 0.0009317548512304962 8.569324869391716e-07 1.6897420052489984e-06 0.006302570445518913 -0.00018172551801808113 -5.2577714560666315e-06 2.819339396507061e-05 1.569108265411076e-06 -0.0003204198568401343 1.6671610950361896e-06 0.0003531775377508194 6.829495814533989e-07 -5.807223951458543e-06 0.00016796462040023527 2.202654863772853e-06 -4.429450125760268e-06 -3.280845219833243e-07 1.01465729980462e-05 -3.366538755585168e-07 -2.651207005556898e-06 6.293854382800044e-07 5.556483785994332e-05 6.855564238947094e-07 7.646175294936376e-06 2.2176788754713097e-07 2.1371843163222074e-07 1.4962125008179947e-05 4.770697328320224e-06 7.080653771251137e-07 2.1937847182289038e-06 2.1240322682141236e-06 1.8044485754977954e-05 1.1182889581806524e-06 7.683596485633451e-06 3.891019996765879e-07 3.619322427209535e-06 3.547005594159273e-06 1.367411424633666e-06 5.054627119033297e-06 7.402633628812986e-07 8.557436554765183e-06 1.0519181476616332e-06 2.3464521663579652e-06 3.3077802913991767e-07 4.436457369432346e-06
1.1570408982491238e-05 0.0006352979762526765 1.4494055729924296e-07 5.77233114407113e-07 0.005081081000189688 -0.00010948983639175266 -1.0880752071836913e-06 1.226461860186662e-05 -3.4450731894428795e-06 -0.000370512133687528 2.3778264542073426e-06 0.00026080447322447616 4.831883422248523e-08 -1.0994098877297923e-06 0.00011466698600648072 2.9997579891355905e-06 -1.116047155736841e-05 8.273998412503352e-07 1.2730802599872623e-05 2.1630317341924175e-06 -4.5601466014938995e-06 8.085455123862684e-07 4.737232238463927e-05 5.982385703851337e-07 6.423740036337274e-06 2.0034361094073525e-07 1.75118708095666e-07 1.3311150820637763e-05 4.046925301013439e-06 6.323490363121536e-07 1.908977874920558e-06 1.785055393287669e-06 1.573902312201742e-05 9.431628333852444e-07 6.715914076456222e-06 3.547426802832573e-07 3.1930157746234412e-06 3.100604215469618e-06 1.1735876185664912e-06 4.317385172497465e-06 6.148832669509937e-07 7.55320268642363e-06 8.738426402077898e-07 1.961063475127669e-06 2.5833963260518065e-07 3.861594747889958e-06
6.35940594054573e-06 0.0004309950869678166 5.2805368059393514e-08 3.4842505747579817e-07 0.004079705440203688 -7.102266203864348e-05 5.365093033926926e-08 9.432880868157997e-06 -3.5796656040421843e-06 -0.0003751610735801417 2.038169050653197e-06 0.00019260705774105412 -2.586080644388136e-07 -1.989102154090781e-06 8.653013472067591e-05 1.582333404016371e-06 -6.325591365479826e-06 -1.3278031214090869e-06 -3.475451309565423e-06 2.894966153132563e-06 -6.510568639068977e-06 -1.7202020195877037e-07 4.0111667933125024e-05 5.47138313348035e-07 5.415149349972055e-06 1.7446960998508334e-07 1.587888615225579e-07 1.1850981563103065e-05 3.5465001978083574e-06 5.857127034798431e-07 1.6579303592301308e-06 1.5704602099068077e-06 1.3779787929271445e-05 8.853426737774326e-07 5.985994655672005e-06 3.009112103291925e-07 2.817607571672883e-06 2.7425063569280205e-06 1.1512355432506482e-06 3.870111311704614e-06 5.601067306584369e-07 6.750531543379767e-06 8.511311052410886e-07 1.7315477712050712e-06 2.441253169633834e-07 3.446943807137567e-06
7.1236667211851436e-06 0.000503007897917104 -2.8490732790289913e-08 3.6010289026754023e-07 0.0058801136838595005 -6.475125728620549e-05 -7.38041975423614e-08 5.023277367778571e-06 -6.728635651347758e-06 -0.0005869821568894346 1.6343831724821321e-06 0.00024389483184883095 6.637032241996166e-08 -6.284200393000265e-06 9.923896289925031e-05 2.2132485700999786e-07 2.4796898195156328e-06 -8.76734193271421e-08 6.906325378149065e-06 3.0884807215836076e-07 -3.4474541704911694e-06 2.659389826869092e-07 4.639593703730133e-05 5.328286880044577e-07 6.0414812180840265e-06 1.8484101835591458e-07 1.7733460310205885e-07 1.4091233803321768e-05 3.815815167898057e-06 5.776725547998208e-07 1.8053637762795927e-06 1.715032308879731e-06 1.5954079015650847e-05 9.153816794304043e-07 6.912760002069318e-06 3.4198591347434407e-07 3.2824000271455168e-06 3.220857890176923e-06 1.1621895331183253e-06 4.180799968363329e-06 6.423617595605926e-07 7.95656900078611e-06 8.95425656380591e-07 1.8974949321273542e-06 2.669076678470851e-07 4.118537521780371e-06
2.4844667823082544e-06 0.0002371467677235148 1.3960702235872236e-07 3.6875424512037006e-07 0.0037393326413642748 -2.632250901595782e-05 8.63461437810877e-08 1.4753198538100337e-06 -3.036528663605349e-06 -0.00046806462317103894 1.2809367509172768e-06 0.0001291022418624366 1.7644651203517243e-07 -1.1842455376439144e-06 5.6042319874085325e-05 1.3307594029123014e-07 2.81185024771994e-06 3.9624303721318764e-08 7.79577886749324e-06 1.355730920856298e-06 -2.4428649049393567e-06 6.714600861322925e-08 2.551028003293903e-05 4.6123790391227215e-07 4.462031213369716e-06 1.576792301581843e-07 1.4875348399277927e-07 1.1147373628355233e-05 2.9547240655090746e-06 5.324157750171626e-07 1.4246003008638818e-06 1.3558865734753762e-06 1.2341539365243738e-05 7.852599814934337e-07 5.5203189957465e-06 2.7773592595172875e-07 2.6188540185292587e-06 2.5874756548360353e-06 1.00438588191649e-06 3.2840563168875884e-06 5.556088696444054e-07 6.305415144584115e-06 7.671133850513267e-07 1.454564263402314e-06 2.1697139245882008e-07 3.233378556072914e-06
2.9212992493668305e-06 0.00023915417260606697 4.497529611211e-08 3.4772291605751163e-09 0.00747901080269062 -1.8725919769128466e-05 -5.091878140200234e-07 -1.4026057460737154e-06 -7.51404220604694e-06 -0.0008633084934926348 2.2250998376428326e-06 0.00015557875151126107 -4.3957655342732157e-07 3.922236294458093e-06 6.154104817596108e-05 1.2622173568171037e-06 -5.156659002951033e-06 7.712563364739181e-07 1.2836841102112667e-05 -1.9608533446943478e-07 -2.349622165726399e-06 3.0728212004187446e-09 2.4763842501460178e-05 4.989005279999702e-07 4.92295535397891e-06 1.7943901688611325e-07 1.8221112233515853e-07 1.544689195832467e-05 3.3157417004151363e-06 5.929540950517371e-07 1.5735243890917215e-06 1.5742980411175011e-06 1.628897588282023e-05 9.226101233950684e-07 7.426051193478476e-06 3.3584216699636167e-07 3.478056732229498e-06 3.434544706917757e-06 1.129729613649361e-06 3.6605461849935067e-06 5.853954477953137e-07 8.398461418523075e-06 8.48836977839803e-07 1.5959609551509709e-06 2.936581112201327e-07 4.406742429368598e-06

=== costheta bin 0.6-0.8 ===
For each bin: first 23 entries are fitted EFT parameters, next 23 are their uncertainties.
0.00035599338245925944 0.0012599389242976362 0.00023895328072834888 0.0003572982946897873 0.0018848840972389106 -0.0013323205249852522 -0.0005835007563175548 0.0011055535856213695 0.0013448710290854332 0.003081378795944427 -0.0007034280953354483 -0.0016117830387010414 0.0005821981544181116 0.0013464002910872402 0.0016475319394141114 1.747703536827747e-07 -2.344684820309366e-06 7.599119627899206e-06 -1.181113926819052e-07 -1.0073218371179834e-05 1.599721032471496e-05 7.737492383299625e-06 1.509915651624026e-05 1.3374240581417778e-06 6.345582042393158e-06 5.690019782061802e-07 6.746545930623351e-07 8.222977304149268e-06 5.205247466360535e-06 1.6653104252273887e-06 3.1863040298991212e-06 3.663326744897087e-06 1.1674715449383987e-05 2.4262283152191135e-06 5.779809996532931e-06 1.061372628430319e-06 3.5470490223284923e-06 4.150010952749196e-06 1.924751479078324e-06 4.725674144319334e-06 1.9064225925215125e-06 5.732448272889459e-06 1.284931722989911e-06 2.0208731681391947e-06 8.536900451804404e-07 2.9890965010407607e-06
0.0005770812602616515 0.0020804912897424486 0.0002909162995507693 0.0004085741653952369 0.0029178708218501772 -0.002173146560638802 -0.0008163010140134747 0.0015582400775916245 0.0018393443955748087 0.004915472049234693 -0.0009524695320215647 -0.0025548572966260143 0.0006872372269314177 0.0018404708889657145 0.0021826631758431565 -3.8028783671779193e-06 1.1893493410909787e-05 1.2472602539236155e-05 1.2429725290473785e-05 -1.2038797696637342e-05 1.976511845224029e-05 1.0335273248070431e-05 2.6434667386352187e-05 1.6990016604031708e-06 7.954528896410531e-06 6.307043009848076e-07 7.218074929138288e-07 1.0046993500017674e-05 6.405867027802402e-06 1.9207084709872077e-06 3.7151001993561826e-06 4.111939706129784e-06 1.4277230459541923e-05 2.7036502832055938e-06 7.039694018520651e-06 1.146135552307208e-06 3.994033955880752e-06 4.6330460894907575e-06 2.4208449232271613e-06 5.854531811312915e-06 2.046198168263531e-06 6.784602997082878e-06 1.5330107611969503e-06 2.760991803690861e-06 9.063054055428577e-07 3.121085723943642e-06
0.0006979692399372759 0.0025622106751837363 0.00025283683827347265 0.000324001275189626 0.0032692562475649467 -0.0026580125023053063 -0.0008349265850719553 0.0016074772464752035 0.001812488686414177 0.005768052792324685 -0.0009286114009008081 -0.0029639407102974784 0.0005699549192808564 0.001810385962553126 0.00205996526028359 -4.699585136303841e-06 1.2766523386333035e-05 1.214069403002497e-05 1.1042998892280106e-05 -1.2960662111197784e-05 2.459278161479664e-05 9.062310532487964e-06 2.3939180953155e-05 1.8890570303356898e-06 8.599849590576964e-06 5.958739952303387e-07 6.468556159391526e-07 1.0516185956747661e-05 6.810032670113017e-06 1.8996699046640835e-06 3.6502675440889567e-06 3.854180302023412e-06 1.5199989815254465e-05 2.5521945327906997e-06 7.483693891181827e-06 1.0441845332714182e-06 3.874904697924818e-06 4.421919434592157e-06 2.5990622996597056e-06 6.04422383504172e-06 1.8918997784650561e-06 6.7322911464982195e-06 1.5610523654493555e-06 2.8538206033445548e-06 8.202625542906088e-07 3.5212531615215545e-06
0.0008123021685300617 0.002967430555832953 0.00021451678982110095 0.0002456787328885043 0.0033854140539597817 -0.0030941297594690026 -0.0008300853549909323 0.0015941111645678332 0.0016984250432192259 0.0063086625299300265 -0.0008730863336602061 -0.003255044363123562 0.00045733334883501256 0.001694136479448832 0.0018200689147594234 -9.21591614701395e-06 1.4917527386893052e-05 1.2135245677303469e-05 1.766913380640032e-05 -1.6692043827999564e-05 3.0068807934764126e-05 8.930802601718399e-06 3.12171617960611e-05 2.0333059841925206e-06 9.161601485743524e-06 5.492394351221902e-07 5.665947019172377e-07 1.0740542916543156e-05 7.262175232811988e-06 1.8889802955006943e-06 3.5660781815322674e-06 3.621681536285193e-06 1.5946289895329604e-05 2.4301381550859546e-06 7.727308253019529e-06 9.366235214275847e-07 3.7434484434661867e-06 4.087487107066695e-06 2.70134897590992e-06 5.882727691839453e-06 1.744928357030745e-06 6.758668953883012e-06 1.5911031416179844e-06 2.693441338113289e-06 7.48087855446684e-07 3.67170565881487e-06
0.0009862361138315786 0.003427954067886989 0.00018811751209381455 0.00018289416672827877 0.003325385006746065 -0.0036643880538291197 -0.0008573842391198336 0.0016052662238301425 0.0015728891441115728 0.006719479994151851 -0.0008285643035754781 -0.003557336520164358 0.00036884012571782656 0.0015731606729557722 0.0015580179580839142 -8.320507065058478e-06 1.9485507530743385e-05 1.0360281952009233e-05 1.5444224258898432e-05 -1.4509936801095623e-05 3.020891020128523e-05 7.256358845074585e-06 3.0038761582450654e-05 2.2377299684629036e-06 9.826227127882237e-06 5.24834544339042e-07 4.978955782675189e-07 1.0608059353295522e-05 7.835508750080236e-06 1.9377098332706085e-06 3.585415793389373e-06 3.4826694794926158e-06 1.6533630414058608e-05 2.3586913197470525e-06 8.142540896871532e-06 8.644755877021737e-07 3.6769730192734605e-06 3.7456663890204164e-06 2.987095808152566e-06 6.364673027504203e-06 1.5625260424003968e-06 6.668780277554878e-06 1.7532661089535322e-06 2.800360134202257e-06 6.717655386400088e-07 3.361447439032909e-06
0.001313788162663315 0.004236556823339693 0.00017953796297981436 0.00013700189505320152 0.0032414877224489383 -0.00469236471159324 -0.000965555028493009 0.0017440994212505182 0.0015083188237848648 0.007342518459888693 -0.0008196750914192312 -0.004008771879050389 0.0003108485239669629 0.001509578185739149 0.0013320902823901093 -9.322587660700995e-06 2.084702311859338e-05 9.863874846283663e-06 1.4272223336516132e-05 -1.6930849451866966e-05 3.279363969867399e-05 6.455103651455294e-06 2.968964426869086e-05 2.5902304173052528e-06 1.1030708182205384e-05 5.3783577880244e-07 4.486748484963071e-07 1.0756323341096846e-05 8.887509881455694e-06 2.095342369272879e-06 3.7792070180726936e-06 3.5622680302491544e-06 1.772342976994438e-05 2.4966996169752064e-06 9.201004218507976e-06 8.366256280314805e-07 3.8512869628170274e-06 3.5425170203515e-06 3.485578157950028e-06 7.155528592857842e-06 1.4800593518217243e-06 6.883480331048184e-06 1.925568940732931e-06 3.324069213620747e-06 6.114645874385314e-07 3.4912598704572117e-06
0.0013449470222722385 0.004568735233782256 0.0001502794126492456 0.00010392700716803407 0.003107644684195502 -0.004884522111953649 -0.0008864238234905106 0.0016537276500624678 0.0013385202989632137 0.007342172893478059 -0.0006881589928939928 -0.0037758447607853167 0.00024363415584957265 0.0013300018664138226 0.0011351470418517868 -5.673130852272529e-06 1.6611563229467125e-05 7.418616387130233e-06 -4.371361540424913e-07 -1.683041397623437e-05 3.288627527379156e-05 4.96367559157378e-06 2.6294064043691787e-05 2.675071881444601e-06 1.1671086533176758e-05 5.021859493736154e-07 4.175468864326354e-07 1.0891902743709304e-05 9.38614053275769e-06 2.0885298680147175e-06 3.868268276253632e-06 3.59858564642323e-06 1.8394696788294046e-05 2.5220155189553303e-06 9.708201323184875e-06 7.831967300928848e-07 3.883679658135362e-06 3.4242341639881517e-06 3.63405779215689e-06 7.531736406311774e-06 1.473239574641753e-06 7.121140136274589e-06 2.146990264028373e-06 3.5021601308202423e-06 5.77941743140646e-07 2.9785327760399205e-06
0.0012282579406146983 0.004564466894106594 0.00012003552691535217 7.815835154146343e-05 0.0029905567586110196 -0.00462296230656104 -0.0007491858404285158 0.0014771828484394225 0.0011274732601934216 0.006991109682176809 -0.0005298341516997012 -0.003273244787668809 0.00018355061693364094 0.0011349302201351047 0.000965566848081243 -1.8688120581674945e-06 4.793232511649309e-06 5.3449019518826814e-06 7.1975547751272255e-06 -1.6808575730492705e-05 3.0324354344148387e-05 4.312965934172093e-06 2.56842046529584e-05 2.6058414367965744e-06 1.1845133120618877e-05 4.666231064188931e-07 3.8366520736079175e-07 1.0995373889698311e-05 9.404365429422365e-06 2.0063244948268696e-06 3.8273508225339786e-06 3.559439136252943e-06 1.8671467425646757e-05 2.4201568782403983e-06 9.902690387104662e-06 7.2215404905805e-07 3.805320866628271e-06 3.3343915760370934e-06 3.530996283615955e-06 7.787517695764421e-06 1.3934734291705526e-06 7.528758645480864e-06 2.167909061641278e-06 3.575417575737829e-06 5.192450344895418e-07 3.129788274976245e-06
0.0010658626732358736 0.0043714154477357955 9.188007041520509e-05 6.052560747750965e-05 0.002829135459999424 -0.004177319045349301 -0.0006064971797818883 0.0012670600655673853 0.0009368325585311658 0.006426778378040902 -0.00039684996320351164 -0.002727501888090596 0.00013588882744625065 0.0009323833363352134 0.0008280767256061295 -1.7786359638035403e-06 1.1655286809070521e-05 5.572618769345773e-06 1.7313410170404272e-05 -1.3231438125127872e-05 3.136262438925095e-05 4.359174258147495e-06 2.7414058982497362e-05 2.4709863119039986e-06 1.1833041158981292e-05 4.2757328571954937e-07 3.609635308488943e-07 1.094901458128821e-05 9.174724797824261e-06 1.877820324768902e-06 3.7016589080560135e-06 3.4638410498140956e-06 1.846284838613459e-05 2.2965804183338234e-06 9.777387436265334e-06 6.779156540852069e-07 3.628865847787141e-06 3.2247146226915055e-06 3.347698138063859e-06 7.725525138818984e-06 1.3480594652148843e-06 7.446089296645443e-06 2.090426429021944e-06 3.5855808439319142e-06 4.897394236575344e-07 3.3405563027232932e-06
0.0009071782693271831 0.004050615342249058 7.173338807133975e-05 4.6742968854520524e-05 0.002677225631540019 -0.0036849241652880263 -0.0004908041745530198 0.0010753566106441073 0.0007625728689260663 0.005775891484625137 -0.0002931014083184077 -0.002219072496226935 0.00010129102460662752 0.0007639722563527067 0.0007074361853676369 -2.063379372136436e-06 7.4480761835318185e-06 5.233297095219787e-06 8.691069071604087e-06 -9.317754394515648e-06 2.7430986779344448e-05 3.973984104656619e-06 2.8761436936508365e-05 2.3130926474454682e-06 1.1600409799434193e-05 4.2826708799291905e-07 3.399883237212484e-07 1.0865022578868185e-05 8.818171702845541e-06 1.7850875748696857e-06 3.5259923729697295e-06 3.3167214253976354e-06 1.8143988795854215e-05 2.1724052900261632e-06 9.54021196453684e-06 6.397637097879977e-07 3.6218883049426794e-06 3.1219824272210195e-06 3.147817339473527e-06 7.5369572369946025e-06 1.284971741579638e-06 7.432051097475511e-06 2.0077245533304643e-06 3.509644616855699e-06 4.5043008775277675e-07 3.3550919464433003e-06
0.0007550700945779573 0.003703081403333013 5.426241594899562e-05 3.6642279053443194e-05 0.0025576810429553806 -0.0031821271825350616 -0.0003859454578479705 0.0008970678511896666 0.0006185032114307866 0.005152571246364299 -0.00021240994742594728 -0.0017666761615451909 7.509971157869134e-05 0.0006240653566374813 0.0006097079705384175 -2.1462785038026223e-06 3.884894868434455e-06 3.583814442911107e-06 9.49935363785336e-06 -9.565593591687636e-06 2.184845705535876e-05 3.0592768024354258e-06 2.6403979795294954e-05 2.1391665517229114e-06 1.1240376147496587e-05 3.919915560051786e-07 3.1786836484313185e-07 1.0742523545960306e-05 8.365532700154555e-06 1.6407336151920288e-06 3.345843451480789e-06 3.1700098944818125e-06 1.7788266997067264e-05 2.0331700752865134e-06 9.244001663968652e-06 6.023923652630477e-07 3.4605609209692662e-06 3.052310524786864e-06 2.9437066073845477e-06 7.267483762816333e-06 1.200430161739814e-06 7.373273874740716e-06 1.8780630939090738e-06 3.3962212016365473e-06 4.255890366560704e-07 3.396686395072428e-06
0.000619567384497282 0.003359894934618162 4.132620160345479e-05 2.8328272772446954e-05 0.002380473499498902 -0.002740632740695044 -0.0003015936916964147 0.0007428600841339811 0.0004948241545716397 0.00450053968562768 -0.00014992351380331976 -0.001374028837460119 5.4845897987907335e-05 0.0004984970458935821 0.0005159082202948548 2.2816025186575397e-06 -6.484890811440717e-06 1.804675842084514e-06 1.1290332270236795e-05 -4.0841878976924954e-06 1.659334388483636e-05 1.7809447705488623e-06 1.925979391854915e-05 1.9654863301072537e-06 1.0792541155452832e-05 3.6610440854530105e-07 2.951873316199009e-07 1.0446303420813683e-05 7.842837363539331e-06 1.5022402322320557e-06 3.1628815353056835e-06 3.012075939424508e-06 1.7320124479849568e-05 1.859033089579786e-06 8.766464962346162e-06 5.485427827098888e-07 3.3166926132075075e-06 2.9462585389259114e-06 2.7367302584063203e-06 6.993533109283027e-06 1.1132716558960584e-06 7.243654977066453e-06 1.7757189670872288e-06 3.2923674626379568e-06 4.002277257204806e-07 3.361988975756379e-06
0.0005047031023559397 0.0030298248236659887 3.097582655788739e-05 2.2742184920824696e-05 0.002259566226668021 -0.002328264350200001 -0.0002349422042906698 0.0006117866222080038 0.00039986324750961337 0.003966219768047736 -0.00010647261792575811 -0.0010609192629651534 3.973650068917542e-05 0.00039783771469410203 0.00045314817156985577 -6.800015310936344e-07 1.4968970175963674e-06 1.6486389462466924e-06 9.762094535358936e-06 -5.123843227346524e-06 1.7094894039790628e-05 1.9675555255760933e-06 1.887634117501633e-05 1.8023529387619793e-06 1.030829458506923e-05 3.412084994070998e-07 2.7113344594139927e-07 1.0193871773215938e-05 7.37409924503696e-06 1.3830024096536004e-06 2.9815978761316127e-06 2.85202191948071e-06 1.6764880319102734e-05 1.7144452411585156e-06 8.261666984583598e-06 5.033196014065035e-07 3.1936284134558065e-06 2.839686214337245e-06 2.5189352476603107e-06 6.682350406798313e-06 1.0287331244351463e-06 7.014544165383105e-06 1.6499310694194073e-06 3.19553495953644e-06 3.660315620497896e-07 3.2716632218947775e-06
0.00040828177848774565 0.002705851515917051 2.315750178858376e-05 1.7993107225266916e-05 0.0021304643357246645 -0.0019685222120666788 -0.00018211731094543417 0.0005016555772299745 0.0003218904784581399 0.003453516432142688 -7.755451671453053e-05 -0.0008052271041404784 2.951993481919278e-05 0.00031777988093960525 0.0003922391974771544 4.099570140163186e-06 -4.3105483418682575e-06 2.9655790051660142e-06 1.041832073861955e-05 -4.099162442151758e-06 1.8507692236774956e-05 2.6685612906212217e-06 2.2954280672385196e-05 1.63622452030366e-06 9.808083996314207e-06 3.2236784179194494e-07 2.493459602035004e-07 9.87638313400926e-06 6.927924079992652e-06 1.2860480206923503e-06 2.79482485061479e-06 2.661744418184081e-06 1.6196815587608685e-05 1.5797894088593645e-06 7.821226245964092e-06 4.644102592506028e-07 3.0690717921353526e-06 2.739371251341074e-06 2.322715521356069e-06 6.286507062955432e-06 9.552885239089542e-07 6.778082202197602e-06 1.5196944069192729e-06 2.9830287109664902e-06 3.356544350054523e-07 3.1723558476799607e-06
0.0003314578518582251 0.00239292386757387 1.686559491455336e-05 1.454618616374319e-05 0.002008976074330287 -0.0016520688367065066 -0.0001396970121661554 0.0004035818385332915 0.00025256803900020964 0.002980504574400641 -5.0765771487528436e-05 -0.0005964084117488867 2.0988219083804934e-05 0.00024974655358225313 0.00034103630023764287 -8.020186758532574e-07 8.382365047922416e-06 2.320585472252763e-06 1.2450318083459238e-05 -4.211270501213195e-06 1.5835901095810487e-05 2.1896766883067747e-06 1.966948159511202e-05 1.4974133153799747e-06 9.326915792685446e-06 3.0335838633151367e-07 2.364218999414809e-07 9.58091575223672e-06 6.4745991849000126e-06 1.1843119889019307e-06 2.6229427480773565e-06 2.5225453830886534e-06 1.55798197315317e-05 1.494801681218011e-06 7.4172183568948784e-06 4.4657083276799864e-07 2.945468929598487e-06 2.6513944842668133e-06 2.1486321518251794e-06 5.91020153244915e-06 9.012672516412643e-07 6.51577190762122e-06 1.4150262185458372e-06 2.8754193994661512e-06 3.3099632740630974e-07 3.083417528588799e-06
0.00026828486739040227 0.0021352836465632855 1.3081536087652501e-05 1.1733339120551039e-05 0.001886855900959056 -0.0013995261234821493 -0.00010955442621393456 0.0003339394358019897 0.00020362139556219454 0.0026019215374994027 -3.534743835284242e-05 -0.0004461191773227966 1.58887527090276e-05 0.00020044971037100546 0.0002981640480131478 1.234281054687155e-06 -5.872762095732748e-07 2.5403205145991494e-07 -5.060535510993457e-06 -1.2074206291446186e-06 1.0161853242496934e-05 1.5372723973875417e-06 1.6619614788961118e-05 1.3624867758296407e-06 8.84160564634324e-06 2.706201945532662e-07 2.2019017535506739e-07 9.286209071005548e-06 6.0284611412521434e-06 1.0640407846564893e-06 2.455186424944926e-06 2.35895199951694e-06 1.4898858625461533e-05 1.3679517394640131e-06 6.956886250309065e-06 4.0600514910716057e-07 2.766311123361596e-06 2.5149023162182183e-06 1.9913629743082716e-06 5.608706204807e-06 8.478876061021899e-07 6.220045989803222e-06 1.297721945858738e-06 2.7212170603665933e-06 3.109841123372822e-07 2.9540222558804433e-06
0.0002157849879794155 0.001897896014692292 9.50910084858036e-06 9.407661315113332e-06 0.001784889610568768 -0.001174542891416436 -8.386240139751491e-05 0.00027325184954002065 0.00016473221964459625 0.0022427034779530985 -2.4865875819886094e-05 -0.0003238396744936846 1.1615248447259107e-05 0.00015918725258247716 0.00025902985800747207 2.5191207652261425e-06 -3.9232013909853044e-06 4.726914535558239e-07 -1.1190339243631787e-06 -1.1230316216037212e-06 7.284231515620405e-06 1.1902548542812962e-06 1.4401740624115577e-05 1.2410853010393083e-06 8.36486120682671e-06 2.553348059864849e-07 2.0466064823464912e-07 8.987493382838522e-06 5.66234595146793e-06 9.808489061476236e-07 2.3218269977685942e-06 2.2315334139838844e-06 1.4316680478356195e-05 1.2737991873942465e-06 6.5538812335055966e-06 3.788207379143769e-07 2.65471788905941e-06 2.4264242793018303e-06 1.8176192791079731e-06 5.2979469641933186e-06 7.787224076572946e-07 5.961936119124114e-06 1.2011084847650324e-06 2.5771100109260933e-06 2.955111216063932e-07 2.898895358916601e-06
0.00017639931276117163 0.0016736764338000803 7.422184361653287e-06 7.692157293983889e-06 0.0017018303799998405 -0.0009952107215159714 -6.632239745670704e-05 0.00022821166888096136 0.00013337291284254256 0.0019515793590122383 -1.6065472905202885e-05 -0.0002374984804026912 8.782157830799167e-06 0.00013415566576750965 0.00023098180761832834 -4.217801961981537e-07 4.25431697568611e-06 4.0787375847243383e-07 8.341772599665022e-06 5.239331497353973e-07 6.9661521028283665e-06 7.508315017859706e-07 1.3257155825743443e-05 1.1305352996957745e-06 7.948673406144994e-06 2.3976398790478083e-07 1.8317232034036679e-07 8.727084458712586e-06 5.274067923247686e-06 9.066271065280097e-07 2.172534511229307e-06 2.078454435286634e-06 1.3754788676702597e-05 1.1575077105535186e-06 6.195514931685352e-06 3.410071427659825e-07 2.5365982566192154e-06 2.3264103117427235e-06 1.7122396384372542e-06 5.042039910312994e-06 7.093180926871773e-07 5.685652833506719e-06 1.1390774143826942e-06 2.465911365899842e-06 2.809229067758989e-07 2.765322350255404e-06
0.00014519286932419085 0.0014888404187540947 5.946410965633628e-06 6.607814222078091e-06 0.001605378362040906 -0.0008410751319570262 -5.3590999402844167e-05 0.00018859163356182008 0.00010710079493479348 0.0016798569122403134 -8.752159056723544e-06 -0.00015506055654365325 6.5916217411244585e-06 0.00010665809606702255 0.00020493746546549127 -3.5695312447121994e-06 1.4288165832592263e-05 9.282526632324119e-07 5.407609123395762e-06 -1.27480673996461e-06 1.8963190080613644e-06 6.593283612922764e-07 1.1597702146865878e-05 1.042095679703627e-06 7.5304173586504015e-06 2.235528332312441e-07 1.7823484438848994e-07 8.438586996009586e-06 4.932611357344832e-06 8.420912689756415e-07 2.057215174724552e-06 1.985372090735895e-06 1.3193479239637636e-05 1.103986628007689e-06 5.857366199941201e-06 3.3207765572359485e-07 2.4330186710189116e-06 2.2570423197809064e-06 1.5696105224941502e-06 4.778707795619576e-06 6.830590875949226e-07 5.393940707378555e-06 1.033579925035531e-06 2.3109053421402253e-06 2.7524869704482474e-07 2.7036937528958384e-06
0.0001201613732716508 0.0013328914797265412 4.304798661829548e-06 5.3175080264878e-06 0.001503479763532466 -0.0007179514816215359 -4.148739574603247e-05 0.00015665729854180072 9.031071775491471e-05 0.001472265554414209 -5.861346015209833e-06 -0.00010640910898748182 5.025756565108802e-06 8.867556524737809e-05 0.00018001007691147622 1.8410556695302956e-06 4.679607260656964e-06 1.6245512044822179e-06 5.198070743129275e-06 -1.2242328961361208e-07 7.186619864388131e-06 9.024651450825771e-07 1.3056586867128124e-05 9.6642852660044e-07 7.170591883964046e-06 2.1035387437843105e-07 1.6567818850455712e-07 8.159153857164584e-06 4.7336157172836925e-06 7.850096569186815e-07 1.949389185420234e-06 1.885012703278956e-06 1.26473915156859e-05 1.0148231987823786e-06 5.54572337028627e-06 3.085210474036328e-07 2.304383296858907e-06 2.162546150591336e-06 1.4716692920529328e-06 4.596547213781204e-06 6.380974651081407e-07 5.2443072940622945e-06 9.830622065461987e-07 2.228631570564278e-06 2.535145558971403e-07 2.6022684312769522e-06
9.942166681172068e-05 0.001181295207589286 3.3415214658085183e-06 4.428728373070319e-06 0.0014168877975717165 -0.000614876853434323 -3.3915165671500725e-05 0.00012933552466026443 7.082317334205697e-05 0.001260627001535276 -4.096181655809824e-06 -6.118442507315345e-05 3.5737926333604153e-06 6.641250661507689e-05 0.00015753205867623964 5.444291929782454e-07 3.53543807036442e-06 8.628515414621246e-07 8.963816027828965e-06 -1.310539597978539e-06 6.483040602768465e-06 7.680250949115193e-07 1.2053891179904066e-05 8.964406982890407e-07 6.795720844390072e-06 1.9473811354894304e-07 1.6208021450092265e-07 7.885023963569288e-06 4.340815825617737e-06 7.21142532278788e-07 1.8122637361127921e-06 1.7713397436715808e-06 1.2119045532203898e-05 9.756146755242704e-07 5.1958473420000985e-06 2.971178215656389e-07 2.1873762929044956e-06 2.0699698076671997e-06 1.3550956437891956e-06 4.370059153833527e-06 6.129842760307519e-07 5.011903962378773e-06 9.03527748451397e-07 2.0864430332599914e-06 2.4035206564744385e-07 2.499787532275545e-06
8.136052051807662e-05 0.001043949035466655 2.682431207941333e-06 3.3873022374534465e-06 0.0013573445912261253 -0.0005251907805849854 -2.6682776815563412e-05 0.00010932452952454391 5.645664324327763e-05 0.0010737159554898047 -7.150385884910749e-07 -3.037352234271785e-05 2.739757559284113e-06 6.0623121888475284e-05 0.00014073040288675498 -3.160453925329473e-07 2.1751573087239104e-06 1.1715898376612848e-06 6.34696062106999e-06 6.271379699624549e-08 6.45627552139572e-06 8.046816792885518e-07 1.240202617132912e-05 8.225288721091447e-07 6.442788406952076e-06 1.8361046280830824e-07 1.4657448056989665e-07 7.687837110401821e-06 4.098610036061083e-06 6.640507959080348e-07 1.724463907026726e-06 1.6696215819283503e-06 1.161070927837796e-05 9.030444693755243e-07 4.965280732134963e-06 2.7107562955629624e-07 2.11597277016374e-06 1.981443070592133e-06 1.230343798753573e-06 4.116323148818185e-06 5.482682291703806e-07 4.75985384814658e-06 8.094656129168328e-07 1.961786678543498e-06 2.2648792877629382e-07 2.3928224079876525e-06
6.867692431577217e-05 0.0009276675587121105 1.985929204491653e-06 2.803863129314047e-06 0.0012881744921832443 -0.00044763221883043636 -2.1502187346518367e-05 8.895546247255894e-05 4.351093215886392e-05 0.0009280787095289356 6.46551208466367e-07 -2.261175403111171e-06 1.5582864846582935e-06 4.186256792165531e-05 0.00012659314846158576 2.08711112460884e-06 -4.521644219025482e-06 3.364058028748401e-07 3.479737314898797e-06 6.316698443478113e-07 2.6878741230102666e-07 2.836479528143609e-07 1.1672894271285327e-05 7.735483713701168e-07 6.136692708331977e-06 1.744679242149954e-07 1.3998067217492e-07 7.463310978880544e-06 3.892375155387143e-06 6.300912709761431e-07 1.6444039653968027e-06 1.5698025325843675e-06 1.1162831315097321e-05 8.613609007653222e-07 4.7382187805971546e-06 2.6541009071688353e-07 2.0376579023069956e-06 1.920777792117505e-06 1.2499509153375581e-06 3.9470130427909705e-06 5.621490745880758e-07 4.646361151530149e-06 9.158197028520964e-07 1.8722991676795524e-06 2.1878433774112896e-07 2.337519921216321e-06
0.0002902392574278407 0.004198242272005343 9.580526087858084e-06 1.3073430839510513e-05 0.006122438518414261 -0.0019060815125182976 -8.996133249789804e-05 0.00039611831330218394 0.0001902878035501895 0.0040218522749592076 5.292939664573596e-06 0.00013687641282843053 9.078461485674929e-06 0.00019481446975337283 0.0005730401509220375 -3.029177169029867e-07 2.385105583114416e-06 5.386472869854625e-09 -8.292744570899463e-06 1.9991592928080936e-06 1.4264375681567443e-05 2.481238748091111e-06 5.85854709709031e-05 1.6369818238990738e-06 1.3202019867969063e-05 3.78343723460483e-07 2.9956691089952505e-07 1.624639444678712e-05 8.482764701557235e-06 1.3504944446351506e-06 3.642601283766933e-06 3.4483330805087295e-06 2.4206643945272412e-05 1.8462037138533972e-06 1.035818678373873e-05 5.540421852288316e-07 4.45572993145637e-06 4.181553050365007e-06 2.5540572204218297e-06 8.668046400939039e-06 1.1784444730877084e-06 1.016584814467146e-05 1.7125865004162014e-06 4.059143375881936e-06 4.740276151813571e-07 5.109624217858981e-06
0.0002435116966797593 0.0037201638533574163 8.046103907155341e-06 1.142090478654577e-05 0.005739729998870399 -0.0016307633804720119 -7.281892931526215e-05 0.0003304677476777273 0.00015414980527854907 0.0034776000029894004 8.068778126810408e-06 0.00019865575274431455 7.798084572520996e-06 0.00015383737843857704 0.0005078422601015267 1.9953009954167924e-06 -6.0734292739883536e-06 1.8250800354053372e-06 1.6703221511175145e-05 1.766307765420165e-06 1.3800958760326512e-05 2.0656726078816997e-06 5.180949819237422e-05 1.5220006026258968e-06 1.2534183763589005e-05 3.5430903641278843e-07 2.8356761245462377e-07 1.564651799901227e-05 8.033838890232374e-06 1.2620124545461853e-06 3.4631386864902765e-06 3.2571239307980443e-06 2.3161556367559077e-05 1.7479787088424972e-06 9.896542579962079e-06 5.222747193406059e-07 4.283526497237098e-06 4.033970590265838e-06 2.359292073894343e-06 8.1751287381685e-06 1.092610719452725e-06 9.799539177706713e-06 1.5679039358897232e-06 3.856852864044931e-06 4.524810181474254e-07 4.921808400104755e-06
0.00045366335482546164 0.007594132876401603 1.274904717946063e-05 2.1279170491883595e-05 0.012891072147452253 -0.0031621346293715753 -0.0001277874353834079 0.0006225156718121344 0.00028048005024787015 0.006752948113198607 2.5059978204741342e-05 0.0006036143123023762 1.1622922611493815e-05 0.0002753124101446221 0.00105341773169566 -4.857147851672463e-06 1.124071579216609e-05 3.0796552051531435e-06 2.5236883338307106e-05 5.741147908374408e-06 2.8160771196350122e-05 4.215997058066741e-06 0.00011135686741613406 2.123535960986537e-06 1.8113383228436836e-05 4.998912016771304e-07 3.942503508187441e-07 2.3272841355968345e-05 1.1426001909465567e-05 1.774644181413246e-06 4.972618319778596e-06 4.652389466870908e-06 3.400508174035748e-05 2.525836591303465e-06 1.4426913146929306e-05 7.207007626856627e-07 6.253582768411469e-06 5.9402177556388285e-06 3.3823160197699144e-06 1.1831545473566834e-05 1.5815998534444547e-06 1.4428063687715801e-05 2.2939780229339513e-06 5.514709207413921e-06 6.64220900475907e-07 7.303398961952644e-06
0.0002955874560423338 0.005751179080150308 7.681144231570273e-06 1.434079332770918e-05 0.011317259602775383 -0.002157602171381061 -7.54654967203464e-05 0.00040669750749425357 0.00016083382836275565 0.0045716495891013785 2.411610125975824e-05 0.0007221581613630118 6.7062221530543775e-06 0.00015959054926339503 0.0008011459939593696 3.826849259045135e-06 1.0971539864071445e-05 1.024068501622189e-06 6.01700051758456e-05 2.998051512667023e-06 1.4237767248504646e-05 2.8342638939902987e-06 0.00010244229694030686 1.7845248006831187e-06 1.6051964010632543e-05 4.330040432795451e-07 3.426688952785615e-07 2.158202055564e-05 1.0074511545110039e-05 1.5176721436592624e-06 4.42949650812182e-06 4.126261872464081e-06 3.082496643793822e-05 2.210283096937436e-06 1.301276944478408e-05 6.130652229056346e-07 5.718474985148692e-06 5.435928047549169e-06 2.9666401001820857e-06 1.049340204677182e-05 1.3857180697075628e-06 1.32128345281487e-05 2.081256592485994e-06 4.9043490707354644e-06 5.902836706803701e-07 6.7273262122178625e-06
0.0001960478194644315 0.004402997226249159 4.286331486811349e-06 1.0532905371571505e-05 0.009925522680139057 -0.0015127878499211359 -4.5686812975108934e-05 0.0002727825125271653 9.768058030571146e-05 0.00311388968464558 2.098416498216554e-05 0.0006949926575982514 3.680436817762091e-06 9.811593483497647e-05 0.0006317533021447947 -1.1468837457005003e-06 8.130435406611944e-06 -2.2378494906564088e-06 9.857924282274224e-06 6.401114125279377e-06 9.395971149637632e-06 2.151766978258354e-06 9.409727988350585e-05 1.5180012048059515e-06 1.4263181242400527e-05 3.903975671871831e-07 3.1490565623644726e-07 2.0043011203153566e-05 8.87142681206981e-06 1.317796620703442e-06 3.96356144601073e-06 3.759524177238048e-06 2.8039866947035588e-05 1.958509566351202e-06 1.1723634497453006e-05 5.763617329389034e-07 5.213715606706981e-06 5.013874677238483e-06 2.6244757666617576e-06 9.366162780988533e-06 1.2639411033088706e-06 1.2217453609631528e-05 1.8612485262416106e-06 4.390832374465481e-06 5.34479627605218e-07 6.246083532093781e-06
0.00013903070691561584 0.003375856357718615 3.3851093341270174e-06 6.761298346769027e-06 0.008725891905963708 -0.0010905480002245834 -3.4487509088343174e-05 0.00019392445346614256 5.95325224312713e-05 0.0019961448360773905 1.3553227473943813e-05 0.0006445076327238234 2.0940612865810925e-06 5.874018151386735e-05 0.00048702151989725255 2.5057046328366596e-06 -1.5644406965954417e-05 6.845224851643143e-07 -4.117948159787822e-06 4.285700437884124e-06 1.0376589873593474e-06 2.9038286637955316e-06 8.329990305575605e-05 1.3138762040889797e-06 1.2721725125183915e-05 3.515284422612524e-07 2.8171081404282327e-07 1.86226061602758e-05 7.909131143186195e-06 1.161770550169603e-06 3.5499036317521418e-06 3.3436558766288147e-06 2.5517216263824502e-05 1.7073596571429546e-06 1.0659468371018743e-05 5.36807828953541e-07 4.794220602505457e-06 4.566197048379992e-06 2.316074116195102e-06 8.333483269830888e-06 1.1143349655332921e-06 1.122726299310174e-05 1.6423508250646688e-06 3.9301594878572035e-06 4.777706784411677e-07 5.728358148781154e-06
9.756124449459507e-05 0.002627349085226962 2.0123506728120333e-06 5.242865242357582e-06 0.007638621743861238 -0.0007831364352900675 -2.122771564645633e-05 0.00013512043365369717 4.1946523494087456e-05 0.001317855791210534 1.2496372841531239e-05 0.000577319215578166 1.8843894560825755e-06 3.334119241103871e-05 0.0003858113882398659 -1.1523380311936082e-06 3.9698401541199105e-06 1.853590679468934e-06 2.8340028890883392e-05 3.6715986312203356e-06 7.07090729406817e-06 1.6476268644058753e-06 6.557979562826968e-05 1.1373919684719312e-06 1.138061165535015e-05 3.059677357946492e-07 2.4789063405884963e-07 1.7276065367301702e-05 7.06768180276095e-06 1.0223542481178017e-06 3.1926428735305244e-06 2.993205211314273e-06 2.327718968073612e-05 1.5409093729593676e-06 9.686862365211684e-06 4.602658062226794e-07 4.3965112703740055e-06 4.21836419479938e-06 2.0876989441478953e-06 7.5294852790738665e-06 1.0037817556071403e-06 1.03371598950565e-05 1.566181978732539e-06 3.5146880185642603e-06 4.310551376753209e-07 5.29349445485637e-06
7.115905419023989e-05 0.0020574566367684826 8.377425670026874e-07 3.988614452078135e-06 0.006755301925501681 -0.0005644281932161621 -1.3653837051630347e-05 9.399373470237882e-05 2.498271815060653e-05 0.0008424626376829489 9.011212920674353e-06 0.0005006254611989679 9.18374158677675e-07 2.2595460663415454e-05 0.00030969473978554587 1.8848408526682488e-06 3.866699749981052e-06 6.232909866887237e-07 9.999560161163274e-06 -3.6813966050735e-07 4.439819552319078e-06 1.6138925569266172e-06 5.891111185980179e-05 9.781288304624978e-07 1.0245629096215262e-05 2.7505576039990675e-07 2.2629008451990984e-07 1.6118334722574314e-05 6.341115351843685e-06 8.944129998295449e-07 2.8531265402512994e-06 2.688318453969568e-06 2.1330245741464765e-05 1.3824740698284107e-06 8.945990839838835e-06 4.3137509897203494e-07 4.045364481460462e-06 3.913045347432253e-06 1.8550528566070242e-06 6.739373635404789e-06 9.015404262860389e-07 9.590485772884631e-06 1.3592635125283762e-06 3.131930282707812e-06 3.86554768894579e-07 4.927561867224889e-06
4.912843995687897e-05 0.0016049992239285825 1.2439189800858469e-06 2.460537168294729e-06 0.005957911432831194 -0.00041285275142708826 -1.0236221304329935e-05 7.091583273126755e-05 1.2446735739903755e-05 0.00047115917967414586 8.235218915256692e-06 0.0004589047078941383 2.8079534361579297e-07 2.4095053980637954e-06 0.0002428595764252194 1.2907594560410928e-06 -1.7315218940856468e-06 4.73270139741565e-07 2.8653094929739867e-06 3.2857722175382376e-06 -1.4053052946177588e-06 1.5227350078211934e-06 5.550614668888464e-05 8.376825222898123e-07 9.176063931404504e-06 2.447748544944479e-07 1.967716096643022e-07 1.5024964614291269e-05 5.66920496423741e-06 7.743214011419413e-07 2.573187484130944e-06 2.4319339094228164e-06 1.955661034073447e-05 1.2302749821178523e-06 8.138598854849625e-06 3.8031371807781473e-07 3.745662104795404e-06 3.5949864726607826e-06 1.6397974840635621e-06 6.07928758043081e-06 8.177588498006478e-07 8.868426696240448e-06 1.246060155928355e-06 2.8839022068655014e-06 3.4774984713351855e-07 4.5201432037474094e-06
6.412721538316943e-05 0.002308792311064113 1.3469821985269538e-06 2.976127907174318e-06 0.010035164280931918 -0.000554605881030042 -1.3503516384787989e-05 9.147843796125948e-05 7.963192227593906e-06 0.0002907192212540812 9.93620396280013e-06 0.0006787224163995108 1.4483091704999098e-07 1.7806061305442275e-05 0.00036299170584734515 1.578446699287771e-06 -3.343972221706715e-06 -4.9252491333030284e-08 -2.4652205089211377e-06 2.6530395412747665e-06 2.5720954964495484e-06 2.119672576347256e-06 9.3528025894131e-05 9.908628044289717e-07 1.1198001734490086e-05 2.971897616544055e-07 2.257150402090795e-07 1.9286153545418918e-05 6.910392748062925e-06 9.369625961727335e-07 3.1557148285737963e-06 2.972725517159206e-06 2.458808082764651e-05 1.4575643471739977e-06 1.0276984341111668e-05 4.503562086256466e-07 4.742147779397679e-06 4.533039102734828e-06 1.980228477902257e-06 7.362063647514947e-06 9.624162593067838e-07 1.1263652359863966e-05 1.4888178154098235e-06 3.4273226517251715e-06 4.1187539390445667e-07 5.797248977237201e-06
3.706069594770807e-05 0.0014528689875055467 7.978728203365628e-07 1.5258922011058879e-06 0.007956603095150522 -0.00030054916435489417 -8.054223338712778e-06 4.57720361832121e-05 -2.391518975486046e-06 -0.00016021999183082056 5.693781187680093e-06 0.0004926030465407687 -4.319739310258738e-07 -8.638457891494475e-07 0.00023862913241178032 2.1663139571109885e-06 4.890937926385486e-06 1.0169688376777431e-06 1.0811942421261423e-05 2.7947145789824386e-06 -7.844753922791803e-07 1.8618295703264724e-06 6.86487662997364e-05 7.907287227208566e-07 9.232643688457591e-06 2.428388647951528e-07 1.9775521480262692e-07 1.695224905986006e-05 5.691781529614324e-06 7.623258888559283e-07 2.587623991191194e-06 2.4148205257978787e-06 2.0986105436326176e-05 1.2310442731729297e-06 8.919622997362351e-06 3.768748276199169e-07 4.13080653530035e-06 3.974363486928263e-06 1.6477700875694977e-06 6.051128808771504e-06 8.268785457797837e-07 9.866205738099492e-06 1.2429835149947008e-06 2.75886701180802e-06 3.38644160881137e-07 5.070919519344591e-06
2.2686366023983644e-05 0.0009317464637719088 8.571036190986603e-07 1.6899173546460663e-06 0.006302583394384028 -0.00018172399274453768 -5.257909253427429e-06 2.819352300530237e-05 1.5697793596114978e-06 -0.0003204227383189607 1.6673169693742646e-06 0.00035317872778589156 6.832099326721879e-07 -5.804957213765226e-06 0.00016796838720950613 2.203335079601759e-06 -4.4341913638929785e-06 -3.281075739076606e-07 1.0148761752948824e-05 -3.3693875393789076e-07 -2.653613905696167e-06 6.293751775997867e-07 5.556574997541911e-05 6.85547055434693e-07 7.646182033475046e-06 2.2176716969169288e-07 2.1371844745940302e-07 1.496213963778742e-05 4.770678229171749e-06 7.080642333771026e-07 2.1937871827490367e-06 2.1240342420863468e-06 1.8044510374813323e-05 1.1182900132445901e-06 7.683589150664282e-06 3.891021518266518e-07 3.619323903922443e-06 3.5470098553586015e-06 1.3674136800282751e-06 5.054652597314104e-06 7.402642397146188e-07 8.557472369304174e-06 1.051924460099092e-06 2.3464567009764612e-06 3.3077876011185383e-07 4.436487823016301e-06
1.1570300790956683e-05 0.0006352956594519879 1.4495573597302217e-07 5.772250234950849e-07 0.005081090452955465 -0.00010948888973936649 -1.0879860512935432e-06 1.2264145776511776e-05 -3.4454592170532966e-06 -0.00037053236972574863 2.3778256836174455e-06 0.00026080351368174334 4.838306064084196e-08 -1.1000672845319216e-06 0.00011466586815289289 2.999777266955443e-06 -1.1161340897426248e-05 8.271714519646985e-07 1.2730847723246067e-05 2.1630805919835608e-06 -4.560013159889477e-06 8.08505830137531e-07 4.7372959811913555e-05 5.982462374645776e-07 6.423743073320336e-06 2.0034462324153798e-07 1.7511882192686269e-07 1.331116131664592e-05 4.046935597678412e-06 6.323506564291658e-07 1.9089820117980163e-06 1.7850564040359802e-06 1.573903743905703e-05 9.431677384670064e-07 6.715913722435022e-06 3.5474337274697746e-07 3.1930193723320637e-06 3.1006067445897275e-06 1.1735897818996965e-06 4.317388649745997e-06 6.148835767204284e-07 7.553222160465371e-06 8.738436619522191e-07 1.961064126561971e-06 2.5833983434375996e-07 3.861594479949549e-06
6.359456056980599e-06 0.00043099563152740127 5.283136075206128e-08 3.484933001431884e-07 0.004079702796913795 -7.102326836750326e-05 5.356380454390726e-08 9.433091161915252e-06 -3.5794835449866212e-06 -0.000375158327450404 2.0378291645369894e-06 0.0001926046947837629 -2.584819794300245e-07 -1.987977308088062e-06 8.653121675523463e-05 1.5824402854205804e-06 -6.325614558391063e-06 -1.3278098469674484e-06 -3.476892206011755e-06 2.8948777366939463e-06 -6.510467674185875e-06 -1.7197628394359264e-07 4.0111568255760856e-05 5.471387382083024e-07 5.415169312886616e-06 1.7447002697377233e-07 1.587890086326772e-07 1.1850988831407466e-05 3.5464787437983225e-06 5.857133600817256e-07 1.6579286798461315e-06 1.570461904407651e-06 1.3779776161963068e-05 8.853467376347978e-07 5.9859805075632825e-06 3.009116978513103e-07 2.8176043261945713e-06 2.74250841006079e-06 1.1512374263383256e-06 3.870110708681897e-06 5.601066131224171e-07 6.750527841677582e-06 8.511301937087997e-07 1.731549286990501e-06 2.441253559923984e-07 3.4469428494180822e-06
7.12378058250656e-06 0.0005030051799798622 -2.8457223519403442e-08 3.601471073075648e-07 0.005880115037872296 -6.47503300235038e-05 -7.395478610854404e-08 5.022876503957028e-06 -6.728646014953047e-06 -0.0005869884399544757 1.6343548631193074e-06 0.00024389296067703838 6.642189411611859e-08 -6.284722777916585e-06 9.92393991545671e-05 2.210749716171597e-07 2.480246008268753e-06 -8.759363676774925e-08 6.905234416129981e-06 3.0878510563853857e-07 -3.447462406194473e-06 2.659721678630522e-07 4.639725723144218e-05 5.328293934974905e-07 6.0415074536908065e-06 1.848416122362588e-07 1.7733484100628673e-07 1.4091236270709973e-05 3.815803610340094e-06 5.776741639149113e-07 1.8053659108374783e-06 1.7150349470612703e-06 1.5954084336294126e-05 9.153891436307221e-07 6.912740326757088e-06 3.4198684858045586e-07 3.282403523021736e-06 3.2208603381272776e-06 1.1621921998327192e-06 4.180800600705729e-06 6.423616776878706e-07 7.956570032212675e-06 8.954250163883771e-07 1.897497260517409e-06 2.6690788464158765e-07 4.118533927317408e-06
2.484496494331524e-06 0.00023714522533266 1.3961474374292928e-07 3.687630700009123e-07 0.003739333524296137 -2.6323234666338826e-05 8.628620761177535e-08 1.4754911833398842e-06 -3.0361559359068108e-06 -0.0004680644686341984 1.2807832451079511e-06 0.0001291005162497967 1.7647379883074427e-07 -1.185643855440518e-06 5.6041142885279754e-05 1.3315081888244782e-07 2.8113598509099172e-06 3.9778685472886395e-08 7.80000482416084e-06 1.3558253514092945e-06 -2.442952989814537e-06 6.719546186460256e-08 2.5510786679029984e-05 4.612463493092964e-07 4.462059614921004e-06 1.5768034101972249e-07 1.4875359241530723e-07 1.1147350253641347e-05 2.954714628848935e-06 5.324175720695179e-07 1.424599787807357e-06 1.355891430417096e-06 1.2341530429687142e-05 7.852636791476186e-07 5.520298399911051e-06 2.7773648317920316e-07 2.618850782768452e-06 2.5874750559632573e-06 1.004388306558917e-06 3.2840557658494508e-06 5.556091132246356e-07 6.3054006228581966e-06 7.671138646501259e-07 1.454568453360391e-06 2.1697142389222553e-07 3.233377520054427e-06
2.9206686027390893e-06 0.0002391540825535675 4.50977111955757e-08 3.4526123789523195e-09 0.007479005908777325 -1.8723472658836912e-05 -5.094040784954141e-07 -1.4023339318953958e-06 -7.513742970790556e-06 -0.0008632984050553609 2.2250487128357348e-06 0.00015557760387541973 -4.395114077558736e-07 3.922925724052783e-06 6.153922806108088e-05 1.2620999633868312e-06 -5.156212074961947e-06 7.713824319072597e-07 1.2837882363693801e-05 -1.9582221877274981e-07 -2.3501360794035636e-06 3.0882781519134564e-09 2.4760909844452675e-05 4.989016110543865e-07 4.922959254609038e-06 1.7943965068079032e-07 1.8221132394409313e-07 1.544687918604051e-05 3.3157351625467303e-06 5.929562762190903e-07 1.5735227230160185e-06 1.5742978763418026e-06 1.6288959419114515e-05 9.226185876890617e-07 7.426024552775342e-06 3.3584262149840647e-07 3.478053991058097e-06 3.434542324310082e-06 1.1297332816317886e-06 3.6605460452896895e-06 5.853955054915946e-07 8.398458324136123e-06 8.488361783314149e-07 1.595962491366428e-06 2.9365878767504147e-07 4.406739324162812e-06

=== costheta bin 0.8-1.0 ===
For each bin: first 23 entries are fitted EFT parameters, next 23 are their uncertainties.
0.0003607498721579166 0.0012826350233253218 0.00023832001136365246 0.000351389732211111 0.001857815196618404 -0.001354924898859094 -0.0005834861751118535 0.001108257607984235 0.0013367116585880435 0.0030874937035693293 -0.0006951544994666925 -0.0016132822773309648 0.0005765117525440611 0.0013293350539245778 0.001613629846041794 -2.5572076257285075e-06 7.849960772252167e-06 8.787350492526264e-06 1.649172185975052e-05 -4.988921807772076e-06 1.3204277856982203e-05 7.37658223211736e-06 2.4281089540642482e-05 1.3650721628971613e-06 6.508121096424919e-06 5.709242386540323e-07 6.660569111216519e-07 8.112284710294336e-06 5.2571465331048315e-06 1.6769191205879274e-06 3.2297488567254523e-06 3.673620123448645e-06 1.1630385587030165e-05 2.424400345585573e-06 5.7539691547440016e-06 1.0519159677945913e-06 3.5924460686382113e-06 4.161651087884143e-06 1.960764474996345e-06 4.898303871995804e-06 1.904564819396931e-06 5.467658729959725e-06 1.266434329391195e-06 2.077938775887164e-06 8.484919064096564e-07 2.792429065699817e-06
0.0005730130701954493 0.0020452059925044285 0.0002870451654711068 0.0003994290758178379 0.0028725821407547475 -0.0021539384825286375 -0.0008065608978143888 0.0015296072248886423 0.0017942223990087258 0.004829408955857028 -0.0009368835663895135 -0.002518901784712766 0.0006752551555041068 0.0018078071065362326 0.0021378624168920174 -6.4362085402440035e-06 1.8821935797124772e-05 1.2335273695940946e-05 9.063432075195238e-06 -9.721314123455453e-06 2.6188105792512314e-05 1.0852323044984252e-05 2.517808527885726e-05 1.699003557138789e-06 8.026210817325408e-06 6.312124062401889e-07 7.182278395587592e-07 1.0014653411626964e-05 6.330917753980858e-06 1.9088420728960562e-06 3.677295072198223e-06 4.06611714331267e-06 1.430568637261204e-05 2.695146271900757e-06 7.13531559575786e-06 1.1431704001605023e-06 3.972149049689413e-06 4.599053281280712e-06 2.455526071558054e-06 5.845724426405475e-06 2.0315228214539813e-06 6.798581289142668e-06 1.5482743159408596e-06 2.6760488684770525e-06 8.990180011764081e-07 3.4470596704584697e-06
0.0006862701579126695 0.0024839964213706845 0.00024819913924634856 0.00031920203251064976 0.003182818960712709 -0.002595736786371313 -0.0008203937952899011 0.0015639826517927565 0.001767943650304196 0.0055876356368559236 -0.0009157305723107205 -0.0029053964854249686 0.0005609545500730407 0.0017670209532022927 0.0020130345388889997 -4.682944458450152e-06 1.1263736448754305e-05 1.4113531306348584e-05 1.0371764245257742e-05 -1.3146396434657672e-05 2.7718173043313722e-05 1.0201703509945506e-05 3.281133642656919e-05 1.869290647675155e-06 8.612498283182644e-06 5.92323102850238e-07 6.44524061143128e-07 1.0450256159032523e-05 6.774522268226996e-06 1.8821486572457265e-06 3.61407121571374e-06 3.82280263934493e-06 1.5149390423390032e-05 2.5343034652754015e-06 7.348455934645736e-06 1.037442820586389e-06 3.866096428343386e-06 4.369100851600266e-06 2.5840976013835404e-06 6.082466268576262e-06 1.873204175020908e-06 6.678668423770483e-06 1.5482689471157303e-06 2.852717907341098e-06 8.162336480940982e-07 3.476645003567531e-06
0.0007975538202571581 0.002867474456611115 0.00021265028588102113 0.00024489138914491145 0.00329854385469171 -0.003014207164114876 -0.0008197469266396526 0.0015621248293740098 0.0016704732270567209 0.006128529345948192 -0.00086566102072542 -0.003189205900978471 0.0004544250097103217 0.001665900857110132 0.0017973199861752122 -4.792451795596685e-06 9.276939995986074e-06 1.240434729298483e-05 1.364260723885257e-05 -1.6560101833235648e-05 3.3339279653972004e-05 9.889640805969744e-06 3.4870979095019764e-05 1.992707605783593e-06 8.94830344827957e-06 5.4116825459585e-07 5.641080672452947e-07 1.0489945774443959e-05 7.0847135272173645e-06 1.857381525777301e-06 3.480162178104744e-06 3.554527035639605e-06 1.5522289187346116e-05 2.383882116003608e-06 7.569777843907837e-06 9.252728325845739e-07 3.6668008779006327e-06 3.986781551232744e-06 2.6593220307245848e-06 5.8075330040810074e-06 1.7162122923057534e-06 6.426714220278744e-06 1.5299565099976852e-06 2.6660435136739894e-06 7.398976521209685e-07 3.304077416049738e-06
0.0009719120042181753 0.0033745098278340074 0.00018649906289069294 0.00018456338384756918 0.0032661131223502725 -0.003610628582886933 -0.0008477034351091291 0.0015846952867414731 0.0015680002605246955 0.006609991379329328 -0.0008325232559170663 -0.003514005527598179 0.00036929044267839886 0.0015556616049563147 0.0015534235127848616 -1.3215621459266894e-06 4.868480918887902e-07 7.82635517744389e-06 -4.0324042084479444e-07 -1.8256811826692997e-05 3.105745474515832e-05 8.611782828818397e-06 3.7880283827316714e-05 2.192386730242624e-06 9.633632266137235e-06 5.221698876254697e-07 4.987714262001252e-07 1.0422090678386218e-05 7.630844984687323e-06 1.9059756518808464e-06 3.5290741108996186e-06 3.462646689078836e-06 1.6206557030876974e-05 2.295865292059724e-06 7.877156978445184e-06 8.546695352570621e-07 3.6739728243391304e-06 3.721297758967385e-06 2.891071341213408e-06 5.998203451303033e-06 1.5252596746126736e-06 6.45094012319536e-06 1.672993873826598e-06 2.6412808302606686e-06 6.650156268274185e-07 3.3184841988030712e-06
0.0013046190847056985 0.00420915459359033 0.00017919936976686145 0.00013898799425133518 0.003237796887055222 -0.004659514496102585 -0.0009618829986539909 0.0017335880343750975 0.001512452215775157 0.0073229744585253075 -0.0008260722083412031 -0.003998087880119577 0.0003128087752025667 0.0015105978217750937 0.0013428570940027826 -3.1839507761786855e-06 4.660747142390689e-06 9.315129294368314e-06 2.687049284358245e-06 -1.881356425042733e-05 2.9827922468980713e-05 6.561678731781626e-06 2.548914153769285e-05 2.5484975020739518e-06 1.0868087657728906e-05 5.269690392236278e-07 4.4967426310503546e-07 1.0626600760389453e-05 8.74763520373297e-06 2.064541604466747e-06 3.7194189902224994e-06 3.5581329725789373e-06 1.7382054920185855e-05 2.4523477759840096e-06 8.997745032457232e-06 8.292430756744955e-07 3.734862278191368e-06 3.61409672284821e-06 3.4147915395669067e-06 7.065292485200554e-06 1.471839816636965e-06 6.962013422431202e-06 2.0219823360614295e-06 3.3059897298318627e-06 6.132927307313141e-07 3.703049864513834e-06
0.0013560399609836256 0.0045761004910601045 0.00015190476522102333 0.00010553170893740499 0.003103801354174031 -0.004931136232317357 -0.0008961779291230353 0.001671055396245734 0.0013531290276207607 0.007360417592632216 -0.0006979357249146979 -0.003811094838545752 0.0002467366727418382 0.0013410252055488865 0.00114268926344128 -6.835076962153652e-06 3.266391056742867e-06 6.08491413475547e-06 9.41875788901356e-06 -1.9669851427573252e-05 3.645600984839073e-05 5.474733527617077e-06 2.962535466866791e-05 2.640355608873227e-06 1.1629356472341213e-05 4.934888792177601e-07 4.139807338080147e-07 1.070852394676957e-05 9.316560942068879e-06 2.0557087245876964e-06 3.81893525606659e-06 3.5772054670114123e-06 1.8188496698477947e-05 2.4625107774001974e-06 9.542688786671333e-06 7.694420333601766e-07 3.7903056063694675e-06 3.4067195732820426e-06 3.543159767985379e-06 7.47802803480847e-06 1.447795128157552e-06 7.077347029471997e-06 2.1033614358321464e-06 3.474938787208591e-06 5.602443040526593e-07 2.9991559466857995e-06
0.001244510073002605 0.0045775001668392126 0.00012261789927640892 8.05439255227884e-05 0.002980478164987101 -0.004676070585487458 -0.0007642331418411729 0.0014992063035141098 0.0011504548822662693 0.007022976900218628 -0.0005451371592385752 -0.0033426414181271665 0.00018831225661195968 0.0011492342925538816 0.0009785310886350452 -1.2943639847165082e-06 3.8887977088870505e-07 4.610870741499724e-06 -2.5695290878227636e-06 -1.7868081231537446e-05 3.202151823353795e-05 4.866559485568042e-06 3.3039272835036085e-05 2.5706626909690694e-06 1.1682471229327104e-05 4.5825344589965754e-07 3.8321857740803217e-07 1.0830997976206787e-05 9.260081124090956e-06 1.9821713041861176e-06 3.7782623171154894e-06 3.542061648812005e-06 1.8429094845199178e-05 2.390746874650167e-06 9.634444525517032e-06 7.15890165353798e-07 3.7375605758885276e-06 3.3164762377426234e-06 3.4484725562368512e-06 7.575083438986946e-06 1.395059972922186e-06 7.195252075986393e-06 2.119361009276724e-06 3.5448511660779387e-06 5.192731572629297e-07 2.927196432690675e-06
0.0010807116312215568 0.004364104563492055 9.524921239930002e-05 6.145491589041673e-05 0.0028575028055558872 -0.004222354973802918 -0.0006238350639145808 0.001288344024039442 0.0009534764630969475 0.006465208670560563 -0.0004122405398435132 -0.0027897944630802425 0.00014031781204094937 0.0009522436064655225 0.0008379863997260851 1.5955204739199415e-07 -1.0799682441070165e-06 3.964425563812239e-06 -6.282902191682826e-06 -1.1693764229479699e-05 2.8361387830632198e-05 4.049128423519127e-06 2.6351483288814867e-05 2.4301915962992297e-06 1.167318251064464e-05 4.246791802010853e-07 3.5608410343163153e-07 1.0906107716828794e-05 9.03387491257648e-06 1.8576400386580016e-06 3.6422151588623106e-06 3.4288180576686197e-06 1.8348055665574422e-05 2.261266814426743e-06 9.638539109865915e-06 6.718451817083954e-07 3.6191652463134004e-06 3.1827884264868318e-06 3.287907983374618e-06 7.57063161040349e-06 1.3062191096434552e-06 7.268209398220132e-06 2.0467135828899226e-06 3.502372094055932e-06 4.77949685934102e-07 3.306239662707575e-06
0.0009129053594662618 0.004084264848641498 7.187000367419983e-05 4.8170922581580794e-05 0.002685901827243569 -0.0037278118166174943 -0.0004949681395554597 0.0010817635907117357 0.0007788879399018699 0.005815668201076814 -0.00030365055518366286 -0.0022713212671942665 0.00010343987926565937 0.000773971624921666 0.0007215393501325058 -6.256789680510822e-06 1.515134222801066e-05 4.7295034204832834e-06 7.752534099774573e-06 -1.2591904518167411e-05 2.3480389554743513e-05 3.6081626509875407e-06 1.992687709284361e-05 2.2671759361824374e-06 1.1474470088383776e-05 3.9728681523162954e-07 3.3599602528798906e-07 1.0759977763671182e-05 8.645709573896325e-06 1.7251383183974008e-06 3.454343092357118e-06 3.3114204369973595e-06 1.8261369084804982e-05 2.1150935865111506e-06 9.423689327722522e-06 6.30925187971992e-07 3.462517305133434e-06 3.1129232802620246e-06 3.0419659836530614e-06 7.533276629402185e-06 1.2380055229477195e-06 7.6133230217459734e-06 1.9091509034319874e-06 3.5067639496373504e-06 4.3930174162935155e-07 3.394612254579234e-06
0.0007600271215991412 0.003715699593812473 5.469309900414049e-05 3.755634821818023e-05 0.0025564051252030206 -0.0032328680236584934 -0.00039086785787892874 0.0008993133948122804 0.0006249964746698985 0.005178228603670438 -0.000219104881952693 -0.0018316038116693576 7.570307146147552e-05 0.0006312075219079238 0.0006216760546181279 -5.462736169966605e-07 8.381409979123241e-06 2.4160571121848547e-06 6.850264265690438e-06 -5.35052148203131e-06 2.3834216103217714e-05 2.6748993983613135e-06 2.41195101065549e-05 2.092866648130271e-06 1.111756086365396e-05 3.8256235896369896e-07 3.152573378015351e-07 1.0615801910641636e-05 8.154416215544594e-06 1.6082406203870518e-06 3.26051358925695e-06 3.156575496632583e-06 1.7643303134174714e-05 1.98651045270211e-06 9.036726532187283e-06 5.909347631283076e-07 3.413487701644093e-06 3.0308251705673205e-06 2.875544349695357e-06 7.125156469921803e-06 1.1833208350744657e-06 7.237856790969381e-06 1.8429840625055522e-06 3.3988257215919164e-06 4.264132947157173e-07 3.323152141962697e-06
0.0006261004118970232 0.0033943872591199577 4.135589076373958e-05 2.980061879352221e-05 0.0024161549992953732 -0.0027817035978847456 -0.0003068825481446067 0.0007489420598710747 0.0005110903021113351 0.004629776877113038 -0.00015932216834295545 -0.0014583373138880719 5.677246343234134e-05 0.0005089418917299115 0.0005362246589494802 -5.763381445105639e-06 8.877430772991784e-06 2.117023761935973e-06 1.9050645934089445e-06 -7.803366274719982e-06 2.0832708850069848e-05 2.3382217551716992e-06 2.514354005678357e-05 1.9219028869258687e-06 1.0704338376216176e-05 3.561705304932042e-07 2.899094981502479e-07 1.0350096307454612e-05 7.658937984639894e-06 1.4710742672024823e-06 3.0732131701696503e-06 2.981109518542122e-06 1.7191010193626097e-05 1.8182613222512718e-06 8.593540769482645e-06 5.378647828939331e-07 3.2757800850254467e-06 2.9210448058331953e-06 2.644039855764717e-06 6.802709881871992e-06 1.0943525896766147e-06 7.059450395398581e-06 1.7056078223510787e-06 3.2624026251126516e-06 3.963008868369039e-07 3.3348246345580232e-06
0.0005136048263802414 0.003056944898635964 3.13411988301125e-05 2.3675840863258006e-05 0.002294686670127958 -0.0023822034843165693 -0.00024109823042595303 0.0006189128346454178 0.0004090904402589874 0.004064994993072264 -0.00011507575774344218 -0.0011416939198368547 4.149531491484075e-05 0.00040837900884167414 0.00046660490650466465 1.1440253635773967e-06 -6.193071075015524e-07 1.6381062654256432e-06 4.736699276379249e-07 -4.572281424629149e-06 1.6983462028544584e-05 2.0629240803476976e-06 1.8458472950871153e-05 1.759921924367092e-06 1.0224196741622862e-05 3.287530470061156e-07 2.693815582996907e-07 1.0148045268576438e-05 7.2264115678005945e-06 1.3500191768687906e-06 2.9089840634171903e-06 2.8103380237894753e-06 1.6690521403930043e-05 1.6795436196503154e-06 8.143994906388854e-06 4.924256646475411e-07 3.132979471659995e-06 2.8292349345208794e-06 2.462311445614784e-06 6.459940937861655e-06 1.0193537216238985e-06 6.880424254850904e-06 1.6102500431762718e-06 3.1463177890978856e-06 3.7103611144108314e-07 3.274819218750826e-06
0.0004158603650671803 0.0027352097086108438 2.3739198782271708e-05 1.8416312830281222e-05 0.002157858901639497 -0.002023539502112612 -0.00018690780195847976 0.000507772674192304 0.00032774786699221167 0.0035487581065552615 -8.177226916693859e-05 -0.0008918215553064909 3.0351235033312356e-05 0.0003337225526131332 0.00040289256750397466 -3.6586036541290826e-07 5.183860424183463e-06 3.958697414317837e-07 2.1255168919937147e-06 -2.4866176453596747e-06 1.187435545083696e-05 1.1333916703611961e-06 1.7128782674382976e-05 1.601311963198799e-06 9.731941709928501e-06 3.1371084803037055e-07 2.440165735861286e-07 9.843451139575042e-06 6.758348919985617e-06 1.2598830942094967e-06 2.720539998253051e-06 2.635470849062334e-06 1.6095326572140065e-05 1.5178939396297222e-06 7.693887547671145e-06 4.4850811266746934e-07 3.02150517020615e-06 2.7105132367661344e-06 2.2692380837350865e-06 6.091593529851031e-06 9.365875184513468e-07 6.613385068231554e-06 1.5065748705072275e-06 3.001593617830635e-06 3.546306853001078e-07 3.17262111395243e-06
0.0003390175750129689 0.0024280789013306505 1.746499697729447e-05 1.4495257747437106e-05 0.002022108127862784 -0.001714837399323457 -0.00014411325327126512 0.00041075289651361596 0.00025390465018688805 0.003026324526496683 -5.3198168388651745e-05 -0.0006585239334329011 2.144644370062792e-05 0.0002571092072604046 0.0003466915476349822 -5.243051955231745e-06 1.2709592278509377e-05 3.776707015902291e-07 -5.142399773603683e-06 -2.8989320794570407e-06 1.57051789849131e-05 1.0456538647449578e-06 1.548299007142515e-05 1.4574328601810552e-06 9.289394111128171e-06 3.023976883369622e-07 2.3596512386640176e-07 9.558715952745722e-06 6.319230003902554e-06 1.1617363351122516e-06 2.5492300240711217e-06 2.472835807158457e-06 1.552087545224256e-05 1.426237795411781e-06 7.273641583997877e-06 4.5021580763790305e-07 2.904831388562501e-06 2.618994452322651e-06 2.0901659654176855e-06 5.722884107091301e-06 8.872005139898621e-07 6.440778624584829e-06 1.3799481582566528e-06 2.8418550687607236e-06 3.310195638949459e-07 3.0895040323329725e-06
0.0002745415963227591 0.0021861062878604813 1.3300186970298904e-05 1.184245635244959e-05 0.0019030173546559896 -0.00146544630671372 -0.00011317527748958047 0.0003431826118652633 0.00020801821810234106 0.002658156222602913 -3.828493752278865e-05 -0.0005138671293482445 1.5997132773129676e-05 0.00020893255247951106 0.0003041847207573289 -5.161706109501653e-07 4.57528442695305e-06 1.187582504638119e-06 5.048383390019422e-07 -1.1715258461770416e-08 1.2899546910538629e-05 1.313397013495331e-06 1.4524702258767517e-05 1.3191899128488056e-06 8.819272671711603e-06 2.759431964492259e-07 2.1891314350640975e-07 9.236877528022708e-06 5.937391040710387e-06 1.059686250246761e-06 2.4048296601447565e-06 2.3353305974570724e-06 1.4914979765474633e-05 1.333727636192977e-06 6.8352234144514e-06 4.066331808253266e-07 2.765700192372462e-06 2.520216362770277e-06 1.929593704991945e-06 5.393406014014631e-06 8.293727342274695e-07 6.143518098040991e-06 1.28919384104028e-06 2.6966699720962495e-06 3.1360684558530993e-07 2.9991729976973764e-06
0.00022650654309842318 0.0019194906311138947 9.980383210189427e-06 9.48873555753371e-06 0.0018002839859887043 -0.0012340447961664718 -8.9049538446135e-05 0.00027833846776975846 0.00016386394963842032 0.002285329246058748 -2.5879014749981795e-05 -0.00037794069979120914 1.1471105712848588e-05 0.000167383941432892 0.0002649481338670809 -1.4010651309184693e-06 9.233288037896551e-06 7.1748001416136655e-09 6.133938327747656e-06 -1.386325076120201e-06 7.179563754265799e-06 6.563335101999184e-07 1.1774898629595408e-05 1.2199981762153985e-06 8.32068986751447e-06 2.4627533437258197e-07 1.9746939712134612e-07 8.9685967210851e-06 5.560146697744069e-06 9.673406359162827e-07 2.243261505753516e-06 2.188491290363348e-06 1.4283909197152589e-05 1.2454232450083207e-06 6.435356735468297e-06 3.644774633028476e-07 2.6052200947004487e-06 2.4065079034387903e-06 1.774733263060545e-06 5.143678370189934e-06 7.660639300894154e-07 5.865418069707127e-06 1.1688190690637627e-06 2.567055799367346e-06 2.9821186475448476e-07 2.8658744475741127e-06
0.00018276970413182728 0.0017072588446511723 7.651508247940321e-06 7.667442562336226e-06 0.0017089963572743416 -0.0010497086774744898 -7.04635782867737e-05 0.00023521600534627093 0.0001351566788193018 0.0019998819986130293 -1.8610885885258647e-05 -0.00028833869645189124 8.74353797750956e-06 0.0001356807408944628 0.0002322133896529853 -1.9529585231812222e-08 5.500278225309761e-07 2.412823094321518e-07 -3.7794998240731898e-06 6.531861538287745e-07 5.647232706730069e-06 8.483838748113823e-07 1.3789093545812485e-05 1.095420488877351e-06 7.873276258811612e-06 2.2721139896699743e-07 1.8928257453277468e-07 8.675166006904423e-06 5.10073409585968e-06 8.796913666541907e-07 2.088598117012249e-06 2.058274707475247e-06 1.3663885709470242e-05 1.15036778842453e-06 6.0452795141323484e-06 3.593882996637854e-07 2.486076730846651e-06 2.3186449978308967e-06 1.6390798301047098e-06 4.798458319937528e-06 7.190145774749787e-07 5.5524205657565465e-06 1.0793316849334864e-06 2.4332045771091917e-06 2.7825263705294134e-07 2.782596172252791e-06
0.0001513533518033102 0.0015054924008652852 6.104567560230793e-06 6.411118959667979e-06 0.0016122318282312908 -0.0008969246442669738 -5.648098147734891e-05 0.0001910041049416038 0.00010601273915976317 0.0016913648368369586 -1.324991198505007e-05 -0.00021698771339370614 6.7786188056125125e-06 0.0001111875590926826 0.00020455246269162822 -1.1428319479267358e-06 7.643020547347043e-06 6.282980637128308e-07 6.701912182133688e-06 -1.9080739972606022e-07 6.199677917205936e-06 8.910202439105881e-07 1.6431345030057523e-05 1.0203715462317265e-06 7.474180726812764e-06 2.1546696069272254e-07 1.7538578565883334e-07 8.411477541829346e-06 4.8552714130033046e-06 8.223443581812216e-07 1.981093694178039e-06 1.952128521789099e-06 1.3129844916390668e-05 1.0500102744202483e-06 5.7601879062880085e-06 3.2342540734247437e-07 2.3784085429082085e-06 2.2384215982059893e-06 1.5146351986376117e-06 4.527013908248208e-06 6.572779813025745e-07 5.361107566223199e-06 1.0238129233574824e-06 2.338107233140758e-06 2.640827057133155e-07 2.6857927305342418e-06
0.00012285236130625906 0.001335414814503592 4.188349654692232e-06 5.647058771041073e-06 0.001527115370035726 -0.000752784023941416 -4.306879461493722e-05 0.00015498719532452198 8.653131706163422e-05 0.0014784308389701511 -8.29889824560413e-06 -0.00014083574206020597 4.893857309428233e-06 8.700079410867536e-05 0.0001843709739939021 -8.580231042100446e-07 6.367932786745648e-07 -3.3589437069244006e-07 -2.4615093228716505e-06 -2.9185406903494846e-06 6.832818569707547e-06 3.291895624469237e-07 8.43463051674619e-06 9.255357271456624e-07 7.03502470768968e-06 1.9583850474652263e-07 1.6541453263215805e-07 8.144978271210894e-06 4.570206194136094e-06 7.51192752278099e-07 1.85049333926271e-06 1.8454108751308548e-06 1.2544354738412358e-05 9.562585349082251e-07 5.381532320362649e-06 2.952005210858406e-07 2.2491227373076784e-06 2.144873531196162e-06 1.3483792864972893e-06 4.290938246377409e-06 5.967432476945138e-07 4.995574527043005e-06 8.942806762459893e-07 2.1733663110813957e-06 2.458427225035561e-07 2.5753237547525275e-06
0.00010321814421914752 0.001176419875599752 3.638012923388664e-06 4.475756992256681e-06 0.0014465883430737274 -0.0006501802587284665 -3.586491975377069e-05 0.00013209907954917123 6.642561709201685e-05 0.0012651130230707012 -4.8683390120461075e-06 -9.93699602144012e-05 3.926993292260602e-06 7.085719905308817e-05 0.00016163049402070483 -3.648458514234725e-07 3.093605099394821e-06 -1.6966545701817219e-07 6.218177295389377e-06 2.2242900999344761e-07 4.458696333154626e-06 7.6536984090485e-07 1.4712612246855157e-05 8.667728825305653e-07 6.705836297657906e-06 1.913612613562124e-07 1.5833216206180945e-07 7.900676241878025e-06 4.334335215645198e-06 7.151199663348228e-07 1.781929892780001e-06 1.7459942117740547e-06 1.2061858355739361e-05 9.212750569204693e-07 5.1570347158500795e-06 2.9533332704737676e-07 2.1774584738765045e-06 2.0609047206352076e-06 1.31039341912026e-06 4.0935635914289195e-06 5.882951661459858e-07 4.914020369360859e-06 8.873005913721975e-07 2.054125815760129e-06 2.352096720374627e-07 2.471559804776386e-06
8.768101490599327e-05 0.0010354463661779631 2.847718358199022e-06 3.283071848273154e-06 0.0013668010524177162 -0.0005556992773629107 -3.0133908513218352e-05 0.00010978221921101687 5.160384788352817e-05 0.0010698859324078172 -2.8381885362779104e-06 -5.925878968086568e-05 2.3501449001610315e-06 5.543971580328079e-05 0.00013709540988311584 1.874414760218541e-06 -1.497950256760052e-06 -1.3662833826279838e-07 1.0606222979474355e-05 2.5323747205882204e-07 4.919047096410826e-06 7.63802963608532e-07 1.2794806610988844e-05 8.098714558073785e-07 6.355070634724633e-06 1.8593283576992607e-07 1.4845405799172715e-07 7.680927952657819e-06 4.073920265829444e-06 6.717327118631154e-07 1.721178181905986e-06 1.663108002842303e-06 1.1516514293129999e-05 9.217138302726611e-07 4.944261843235062e-06 2.737482958116679e-07 2.1049928239403066e-06 1.973385841543479e-06 1.3091048325995418e-06 4.018597247124157e-06 5.906979260577627e-07 4.782921358615174e-06 9.434567074819797e-07 1.939897813179681e-06 2.2576684806232176e-07 2.414533515247324e-06
7.042298086623638e-05 0.0009224245115375216 1.8809742046775587e-06 2.7563408908888646e-06 0.0012821031406636035 -0.0004657885182554785 -2.2399554030669083e-05 8.780828057635288e-05 4.20932007151698e-05 0.0009215928326499862 -1.889916516809329e-07 -2.068908813754468e-05 1.5186557698899774e-06 4.1472056193405633e-05 0.00012250802683676966 -3.170852930048765e-07 6.040957621625211e-06 7.185383563985361e-07 1.0807718228144361e-05 -4.981092514953768e-07 6.016971037435292e-06 7.312220845004147e-07 1.2294465245538526e-05 7.357516584293182e-07 6.0426779098413595e-06 1.6358300056538884e-07 1.3906432045547164e-07 7.4178437011173644e-06 3.798860254504869e-06 6.02587897849787e-07 1.5806261373747615e-06 1.5548924833842727e-06 1.1059459993962599e-05 8.369528187992351e-07 4.638941366698877e-06 2.5842739688002567e-07 1.98233766911286e-06 1.893685981707064e-06 1.1798784493689042e-06 3.7510020059174283e-06 5.622166106246719e-07 4.560927609905557e-06 8.707335767807396e-07 1.831261903202552e-06 2.114581557276857e-07 2.291012676752608e-06
0.0002902396706744486 0.004198242854899906 9.58050298374727e-06 1.30734291569551e-05 0.00612244358909424 -0.001906083688610866 -8.996214576513509e-05 0.00039611849255759805 0.00019028836008420832 0.0040218411950790935 5.292325362397514e-06 0.00013687234026042876 9.078302207633423e-06 0.00019481094786850896 0.0005730410187087096 -3.0191259252494233e-07 2.380725505551499e-06 5.4404573646017855e-09 -8.292858026932254e-06 1.9991880427040177e-06 1.4263411736044306e-05 2.4812888717339873e-06 5.8588922257578556e-05 1.636983131776824e-06 1.3202025945728974e-05 3.7834392910067473e-07 2.99566982824979e-07 1.6246390041801872e-05 8.482770573660598e-06 1.3504959546273149e-06 3.6426000418147044e-06 3.4483242608637093e-06 2.4206632961635245e-05 1.8462059006317852e-06 1.035821383867275e-05 5.54042981062e-07 4.4557362428454485e-06 4.1815532645076385e-06 2.5540709369737637e-06 8.6680579649642e-06 1.1784469375137383e-06 1.0165889701382075e-05 1.7125912652777759e-06 4.059130009573411e-06 4.7402698170644684e-07 5.109628078110464e-06
0.0002435116613682803 0.003720169629262586 8.046038106369452e-06 1.1420903888020566e-05 0.005739738481634462 -0.001630762021249151 -7.281836657817028e-05 0.0003304693365665563 0.00015414859298608702 0.0034776180938841618 8.068362419497897e-06 0.00019865565543682342 7.79823307293556e-06 0.00015384417335563642 0.0005078425309599254 1.9963442996422095e-06 -6.0774959684096535e-06 1.8245171453170746e-06 1.670270707350401e-05 1.7649507720638853e-06 1.380268257285701e-05 2.065610615764958e-06 5.180883722740425e-05 1.5220017003397985e-06 1.2534169756677298e-05 3.5430959121299866e-07 2.835679515478942e-07 1.564650091482517e-05 8.033834578058733e-06 1.2620113754812384e-06 3.4631451406575125e-06 3.2571116311380143e-06 2.316150966670941e-05 1.7479792767514788e-06 9.896558085547427e-06 5.222750426196359e-07 4.283525775241862e-06 4.03396970704526e-06 2.3592998598701926e-06 8.175138165196295e-06 1.092611589129318e-06 9.799573212439095e-06 1.5679052178878492e-06 3.856830103103477e-06 4.524797547712626e-07 4.9218112925644135e-06
0.0004536643542148102 0.007594122729767559 1.2749060828508782e-05 2.1279268904423662e-05 0.01289106610806621 -0.003162137067676363 -0.0001277877583891052 0.0006225135576856654 0.00028047998456953173 0.006752949000963669 2.505949013038041e-05 0.0006036193686881344 1.1623005973760244e-05 0.00027531307640832895 0.0010534186341922458 -4.8573546952971e-06 1.1243875952937015e-05 3.0795365393952446e-06 2.523606780233586e-05 5.740170900022288e-06 2.8162472514817203e-05 4.2159661091197685e-06 0.00011135413047954586 2.1235404228255094e-06 1.8113360207631878e-05 4.998921499943343e-07 3.94251480277384e-07 2.3272844302502708e-05 1.1426014638790431e-05 1.7746452308897426e-06 4.97264064702124e-06 4.652391188418018e-06 3.4005090202671135e-05 2.525841346848441e-06 1.442693965355502e-05 7.207018271597624e-07 6.253580071493826e-06 5.940219945202894e-06 3.3823151582397158e-06 1.1831564299563836e-05 1.5816005973172007e-06 1.4427984883416278e-05 2.2939703527432994e-06 5.5147113590114656e-06 6.642217639604791e-07 7.303387751562309e-06
0.0002955869683197969 0.005751190986009424 7.680731946191851e-06 1.4341151283184048e-05 0.011317268648607562 -0.002157597482419265 -7.546406495027441e-05 0.0004066955284167332 0.00016083707129311683 0.004571692390377013 2.4114989581719858e-05 0.0007221631111002959 6.706259314282695e-06 0.00015959052946605952 0.0008011546233904704 3.8294831800621645e-06 1.096644467343463e-05 1.0239789764892516e-06 6.017651647811065e-05 2.9967385300608625e-06 1.4238316226646853e-05 2.834198996911837e-06 0.00010244006807933603 1.7845313997268283e-06 1.605194946370008e-05 4.3300417165725756e-07 3.4266883440825854e-07 2.1582036393705352e-05 1.0074513207060384e-05 1.517673649767465e-06 4.429502306543838e-06 4.126261593910931e-06 3.0824962997589164e-05 2.2102831112827253e-06 1.3012787300340034e-05 6.130652197051046e-07 5.718482858128113e-06 5.435926720969359e-06 2.9666443303516353e-06 1.049339611284784e-05 1.385715147485944e-06 1.3212821150173924e-05 2.0812581862559687e-06 4.904348467784225e-06 5.902818538018092e-07 6.727318766925527e-06
0.00019604678096130177 0.004402996875559 4.286495502159877e-06 1.0532910074962434e-05 0.009925532264303158 -0.0015127813914932204 -4.568657119987882e-05 0.0002727851364296933 9.767931126572551e-05 0.0031138575894834194 2.0983759234633624e-05 0.0006950002649338221 3.6803997234124215e-06 9.811240942528507e-05 0.000631753822956978 -1.145873842617165e-06 8.127234995852317e-06 -2.2383336133212212e-06 9.868692933310672e-06 6.400772029975979e-06 9.394545664489957e-06 2.151770017965765e-06 9.410017044371125e-05 1.5180087347515734e-06 1.4263180109836029e-05 3.903973573590074e-07 3.149056746644219e-07 2.004301374246352e-05 8.871415088285982e-06 1.3177976803728772e-06 3.963549601820895e-06 3.75953156349053e-06 2.803985736078373e-05 1.9585071974919514e-06 1.1723626109775651e-05 5.763608664737731e-07 5.213698941107441e-06 5.013875796309228e-06 2.6244892977114925e-06 9.366184461830172e-06 1.2639370684232906e-06 1.221744555561074e-05 1.8612503278997266e-06 4.390831957725828e-06 5.344775901540123e-07 6.246089095103002e-06
0.00013903117153709818 0.003375860656679586 3.385074882559006e-06 6.761191418995748e-06 0.008725873688554339 -0.0010905530009335154 -3.4487085368233326e-05 0.0001939218161586591 5.953354462272693e-05 0.0019961554797803807 1.3553365105649536e-05 0.0006445005372381697 2.0939701507806905e-06 5.873759272037896e-05 0.000487019065494419 2.504062960955671e-06 -1.5642619931457413e-05 6.841930172128086e-07 -4.125316345171188e-06 4.285015301573056e-06 1.0444625070369454e-06 2.90386750269589e-06 8.330402440629007e-05 1.3138829172165211e-06 1.2721716554544523e-05 3.5152839406506576e-07 2.817084658753233e-07 1.862259467162677e-05 7.909120477494673e-06 1.161771205849054e-06 3.549893841775574e-06 3.3436551681180703e-06 2.5517219509546394e-05 1.7073523214191247e-06 1.0659476566207943e-05 5.368037092796787e-07 4.794223488582947e-06 4.566195578627536e-06 2.3160855470318628e-06 8.333500091764016e-06 1.1143282638119946e-06 1.122726502495938e-05 1.6423536100434685e-06 3.930168095181485e-06 4.777639301712996e-07 5.728351918207253e-06
9.756068604561234e-05 0.002627366181490542 2.012205932823238e-06 5.2428599454970306e-06 0.007638626091726083 -0.0007831271460099033 -2.1227283322848633e-05 0.0001351242785259443 4.194649943384975e-05 0.0013178768084578048 1.2494716076730773e-05 0.0005773213353198741 1.884797730776295e-06 3.334393320781364e-05 0.0003858104866294362 -1.1528031670876615e-06 3.959740219666949e-06 1.8529514592493344e-06 2.8330285825066917e-05 3.671437778306385e-06 7.067876303850414e-06 1.6478731246269865e-06 6.558067391690239e-05 1.1373916663556223e-06 1.1380601230932349e-05 3.0596749275487464e-07 2.478881917998856e-07 1.727605617535805e-05 7.067672419172242e-06 1.0223548662817258e-06 3.1926332977878598e-06 2.9932002895808097e-06 2.327722217747512e-05 1.5408997657680537e-06 9.686855287680318e-06 4.602617745992549e-07 4.396509712618893e-06 4.218358098804711e-06 2.0877031915915214e-06 7.529487388923739e-06 1.0037758731791962e-06 1.0337156117234159e-05 1.5661816386881489e-06 3.514683736081876e-06 4.3104744442174287e-07 5.293485864263523e-06
7.115889637263299e-05 0.002057455514622947 8.377514073689304e-07 3.988746003883124e-06 0.006755300967238668 -0.0005644289860973053 -1.3653951876464177e-05 9.399481883316011e-05 2.4983299276227872e-05 0.0008424628075574838 9.010735787264086e-06 0.0005006244260037448 9.18664219481926e-07 2.2598170287139735e-05 0.00030969595054547596 1.8848705379712149e-06 3.865394228525849e-06 6.234100760481111e-07 9.996114119182251e-06 -3.681629240547268e-07 4.439782517810152e-06 1.6140273218434752e-06 5.8909911851838484e-05 9.781330046784089e-07 1.0245622225919815e-05 2.750552429149908e-07 2.262880099630765e-07 1.611832535266764e-05 6.341106846003848e-06 8.944128058858385e-07 2.8531152703302954e-06 2.6883174819618702e-06 2.133022754457957e-05 1.3824634159716074e-06 8.945960907817511e-06 4.3137180066042454e-07 4.045353930086633e-06 3.913040403177774e-06 1.8550577669088991e-06 6.7393718495290865e-06 9.015369445851959e-07 9.590504013992632e-06 1.3592664084272129e-06 3.1319294005178712e-06 3.865488300609626e-07 4.9275565426450395e-06
4.9129001127960494e-05 0.0016049942772708677 1.2438312881760641e-06 2.460578980554167e-06 0.005957911977040961 -0.0004128510495284529 -1.023612119346336e-05 7.091402042404011e-05 1.2445918986839745e-05 0.0004711501647930463 8.234930838992153e-06 0.0004589115862689726 2.8081758278032234e-07 2.4069280501518655e-06 0.00024285764914836264 1.2910679995291911e-06 -1.7308698743529032e-06 4.7335143642934534e-07 2.8693076377012686e-06 3.2855172772500674e-06 -1.4048998152196796e-06 1.5227817208311407e-06 5.5506599216507075e-05 8.376893886166673e-07 9.17608293132266e-06 2.447745925457865e-07 1.9676956253526424e-07 1.5024950262349166e-05 5.66922228032194e-06 7.743217284787309e-07 2.5731764247247072e-06 2.4319340058383296e-06 1.9556624376512194e-05 1.2302674760003607e-06 8.138597667466915e-06 3.8031106900346776e-07 3.74565916686566e-06 3.5949773052806606e-06 1.639802199928552e-06 6.0792986001040245e-06 8.177563849382069e-07 8.868447088178108e-06 1.246061659599555e-06 2.883900105459717e-06 3.4774387603496403e-07 4.520138825948145e-06
6.41268731701017e-05 0.002308794826795162 1.3469641102858052e-06 2.976169127992099e-06 0.01003516673281383 -0.0005546036234419633 -1.3503544086120973e-05 9.147894081711125e-05 7.961660123292346e-06 0.0002906976104117219 9.93643690185974e-06 0.0006787217656988273 1.4491195375642634e-07 1.78098764121149e-05 0.0003629936978429047 1.577913579819353e-06 -3.3411983694128318e-06 -4.881208192899517e-08 -2.4591472293533783e-06 2.6540131680696806e-06 2.5702902977801928e-06 2.1199664384097323e-06 9.353578630607501e-05 9.908646009013862e-07 1.1198017091681742e-05 2.9718916987170964e-07 2.2571124485858657e-07 1.928614199867228e-05 6.910393776313132e-06 9.369622161463319e-07 3.1557066398422207e-06 2.9727272307872886e-06 2.4588104190664247e-05 1.4575508703773175e-06 1.0276975873814765e-05 4.5034965011647413e-07 4.742140928528754e-06 4.533033342749211e-06 1.980228109051253e-06 7.362067786730054e-06 9.624079213125659e-07 1.1263623500385011e-05 1.4888150476954374e-06 3.42732330553634e-06 4.118642530683402e-07 5.797235041009033e-06
3.706104043095954e-05 0.0014528668270494692 7.979250967983107e-07 1.525961781273558e-06 0.007956588645256245 -0.0003005498802011104 -8.05444971498769e-06 4.577230481753208e-05 -2.3924701683269125e-06 -0.000160231442079664 5.693789640722298e-06 0.0004926003842533645 -4.319310609902485e-07 -8.635683081744049e-07 0.00023862840576727347 2.1660456314029778e-06 4.892928594148085e-06 1.0172617803171254e-06 1.0811684104432211e-05 2.7934489941256394e-06 -7.850440451641857e-07 1.8619021549931873e-06 6.864665089538733e-05 7.907284878508876e-07 9.232677619435646e-06 2.428383248739129e-07 1.9775276166365917e-07 1.6952258146665973e-05 5.691761534915787e-06 7.623267069571742e-07 2.587599927706565e-06 2.4148184776443457e-06 2.098612360986743e-05 1.2310367652621777e-06 8.919627745876763e-06 3.7687110878162544e-07 4.1307980519221336e-06 3.974360889414051e-06 1.6477660286008104e-06 6.051146705905479e-06 8.268732773183273e-07 9.866187037315139e-06 1.2429801575383273e-06 2.7588675964064684e-06 3.386375745876105e-07 5.070914524190162e-06
2.2686674792852566e-05 0.0009317438610098014 8.571701562648398e-07 1.6898926121664248e-06 0.006302591545080918 -0.0001817268119699189 -5.257998810331148e-06 2.81943269090018e-05 1.5691747193379122e-06 -0.0003204121050300621 1.6682990872382311e-06 0.0003531849110736038 6.828828806547845e-07 -5.8068828611377e-06 0.00016796897663430834 2.203782841709429e-06 -4.426094404631868e-06 -3.2817370451741653e-07 1.0146211686556317e-05 -3.3799326068654476e-07 -2.653394590219656e-06 6.292065828729489e-07 5.556445987982717e-05 6.855536891244752e-07 7.646181544092968e-06 2.21767051317715e-07 2.1371821551159278e-07 1.4962131377712657e-05 4.770689168804397e-06 7.080657094704646e-07 2.1937707421615614e-06 2.1240318624324638e-06 1.8044519630090383e-05 1.1182890610210445e-06 7.683576328960015e-06 3.8910156005956866e-07 3.619308978439833e-06 3.547007291946407e-06 1.3674095064500462e-06 5.054658909687395e-06 7.402637036713986e-07 8.557476930235398e-06 1.0519252686023124e-06 2.3464577386714846e-06 3.307786494173383e-07 4.436480306142739e-06
1.1570868579288388e-05 0.0006352980994150222 1.4492216675639346e-07 5.773123550868553e-07 0.005081093570708597 -0.0001094894870651113 -1.087859690020677e-06 1.2264100728071463e-05 -3.4451294156021637e-06 -0.0003705288495130652 2.3777407079683785e-06 0.00026080637022407236 4.8517368724663165e-08 -1.0976791242977395e-06 0.00011466714254984798 3.0004269712416066e-06 -1.1164587829706635e-05 8.273951460936382e-07 1.2739820049867922e-05 2.1626979822460387e-06 -4.560051918015353e-06 8.085470857121391e-07 4.736914278198491e-05 5.982423020332726e-07 6.4237477080373565e-06 2.0034386007060491e-07 1.751173387946484e-07 1.3311164880848832e-05 4.046944384942123e-06 6.323494396539353e-07 1.9089714205052326e-06 1.7850583343157973e-06 1.573904656614205e-05 9.431628598385516e-07 6.715906888795363e-06 3.547401705799168e-07 3.1930070191613703e-06 3.100606332279542e-06 1.173586748140648e-06 4.317429537097523e-06 6.148830056900572e-07 7.553230543555411e-06 8.738486859761976e-07 1.961069609070426e-06 2.5833819725435795e-07 3.861606237911951e-06
6.358624543171515e-06 0.0004309949177762773 5.290503637083556e-08 3.483887719137002e-07 0.004079713680301686 -7.102063007778066e-05 5.378493047047427e-08 9.43344869586814e-06 -3.579928961806083e-06 -0.0003751603911450717 2.0390719382053777e-06 0.00019261023964295488 -2.5870007255139103e-07 -1.989816822563541e-06 8.653185369407133e-05 1.5821813639175896e-06 -6.323221462137798e-06 -1.3281422244980404e-06 -3.484764324281223e-06 2.8954894393055527e-06 -6.51126096016673e-06 -1.7212570151629473e-07 4.01142455172743e-05 5.471420549522835e-07 5.4151762882874176e-06 1.744699755768703e-07 1.587890276096686e-07 1.1850998895298557e-05 3.54649039266998e-06 5.857159929533823e-07 1.6579317684825507e-06 1.5704637291191573e-06 1.3779790784894625e-05 8.853490258709009e-07 5.98598255174977e-06 3.0091141630063133e-07 2.8176040889870944e-06 2.742511160694414e-06 1.1512364815007517e-06 3.870138203440989e-06 5.601066094845581e-07 6.750549323297465e-06 8.511392737706478e-07 1.7315521226863896e-06 2.4412659093829674e-07 3.446955628203326e-06
7.124219700842856e-06 0.0005030062367310428 -2.854730375578992e-08 3.601223004823774e-07 0.0058800935676289814 -6.475052246242635e-05 -7.363811528099746e-08 5.022221532411858e-06 -6.728837151502639e-06 -0.0005869846077121426 1.634971365851386e-06 0.00024389295552676023 6.624464915611494e-08 -6.28490900203266e-06 9.923828161334544e-05 2.2138678164919445e-07 2.480975904429265e-06 -8.784810728217612e-08 6.9056008014417195e-06 3.08372950345157e-07 -3.4474143227447566e-06 2.6577944418410794e-07 4.6394876510085856e-05 5.328293630075086e-07 6.041506808048823e-06 1.8484156931054807e-07 1.7733489877584578e-07 1.4091244722736577e-05 3.8157963347079785e-06 5.776742123182899e-07 1.8053653383648209e-06 1.7150337178316833e-06 1.5954079672662263e-05 9.153887762756221e-07 6.912740192918124e-06 3.4198695493767105e-07 3.2824042233983773e-06 3.220864188250031e-06 1.1621905478441316e-06 4.18079171461234e-06 6.423618100438988e-07 7.956585854856206e-06 8.954332294787143e-07 1.8975004956423606e-06 2.6690883193061963e-07 4.118550564829778e-06
2.483804844938981e-06 0.0002371453283951086 1.3970643598027084e-07 3.6876622364112225e-07 0.0037393257060835653 -2.6321416805108566e-05 8.625654194675892e-08 1.4752368501103315e-06 -3.0372404146307196e-06 -0.0004680804723423172 1.2809829217024521e-06 0.00012910136232587965 1.764821014475482e-07 -1.1850228806364183e-06 5.6042348588417066e-05 1.3309604907348155e-07 2.812920278730505e-06 3.967315996899091e-08 7.797817891771733e-06 1.3560466888873515e-06 -2.442594805748202e-06 6.711442803507335e-08 2.5508923863757462e-05 4.612386112819484e-07 4.462047627573672e-06 1.5767976430889268e-07 1.4875357943499993e-07 1.1147347012988626e-05 2.954700325795908e-06 5.324172219765011e-07 1.424598767738747e-06 1.3558885959974258e-06 1.2341514266146817e-05 7.852635359575823e-07 5.520283347537349e-06 2.77736490625741e-07 2.6188485684113965e-06 2.5874770919768863e-06 1.004386290597435e-06 3.284043295201877e-06 5.556092333074856e-07 6.305401749435149e-06 7.671213315753409e-07 1.454567679315341e-06 2.1697198971181796e-07 3.2333892553985158e-06
2.920710382493137e-06 0.00023915421952136733 4.509881871640122e-08 3.4342781755937483e-09 0.007478998477606012 -1.8723555535907217e-05 -5.094365498683197e-07 -1.402232086399183e-06 -7.514123980671887e-06 -0.0008633125318867702 2.225117833515908e-06 0.00015557972534799782 -4.395454458880037e-07 3.922076462468521e-06 6.153747724203894e-05 1.2621159958623628e-06 -5.155480744803091e-06 7.713371861998858e-07 1.2841217821527645e-05 -1.9577424385417044e-07 -2.350304809401395e-06 3.0710270661156044e-09 2.4760422434529448e-05 4.989085992521936e-07 4.922960684915329e-06 1.7944016885441214e-07 1.822110894562959e-07 1.544686310907632e-05 3.315732462776695e-06 5.929563067327677e-07 1.5735228358196742e-06 1.5742973499869773e-06 1.6288940567245654e-05 9.226190857455898e-07 7.425999365365328e-06 3.358426517617202e-07 3.478052005200352e-06 3.43454682962566e-06 1.1297315222981795e-06 3.660532171369231e-06 5.853960283629024e-07 8.398450572699978e-06 8.488409721825495e-07 1.5959627010574063e-06 2.936613827911317e-07 4.406750741110785e-06

=== costheta bin 0.0-1.0 ===
For each bin: first 23 entries are fitted EFT parameters, next 23 are their uncertainties.
0.0018531689509723524 0.006503383747148925 0.001218891770196502 0.0017969842146754128 0.009536109487811681 -0.006907064935885769 -0.0029988499198808755 0.005650694374537807 0.006816325519738943 0.015737976314289696 -0.0035860175204165236 -0.008283206866180821 0.002949154545168661 0.006831717766986288 0.008290548504468311 -7.61079881831618e-06 1.7072597173456107e-05 3.821555823552416e-05 2.544287505467019e-05 -4.051119008816233e-05 8.102480594436779e-05 3.992765479546105e-05 9.87974620268195e-05 3.058803117354409e-06 1.3677511121332893e-05 1.2785063730814167e-06 1.4911329636638816e-06 1.778566422767656e-05 1.148988625843081e-05 3.7720253726149313e-06 7.0704990439329775e-06 8.168826854092706e-06 2.508836050789476e-05 5.469665944951468e-06 1.2736792237925849e-05 2.365407112454373e-06 7.736979013612292e-06 9.184616722512482e-06 4.282148019698564e-06 9.738453615585973e-06 4.266524361903714e-06 1.1846136335736008e-05 2.738350860846703e-06 4.193111898665591e-06 1.8993566983915097e-06 6.016487722265649e-06
0.002913809571719825 0.010504060656410186 0.0014587361817785828 0.002036749420445388 0.014682858368881052 -0.011005960888433808 -0.00410363717519236 0.007830126124083464 0.009217329532538876 0.024791075753529537 -0.004775405838339401 -0.01289335838792246 0.003436495640353331 0.0092295695025957 0.010928771136874007 -3.0596409634989804e-05 5.913158183225505e-05 6.525447605428026e-05 5.5147587430325925e-05 -5.964868819367237e-05 0.0001135356050900787 5.410551689977919e-05 0.0001462546064732951 3.827423224804849e-06 1.7476652668074076e-05 1.410727316777685e-06 1.606329525762111e-06 2.2330609857079297e-05 1.4220243045950793e-05 4.290173013167402e-06 8.237517027600565e-06 9.013376714420983e-06 3.107632747019256e-05 6.0230617805108784e-06 1.5869472951323236e-05 2.558059381570549e-06 8.827653745667129e-06 1.0303471702325406e-05 5.419836705064212e-06 1.1977105367820562e-05 4.575337970663843e-06 1.4774838778316481e-05 3.4272224142797663e-06 5.5147812467465054e-06 2.0266348667181076e-06 7.447585538384268e-06
0.0034858796427897497 0.012730777139623865 0.0012684405450461098 0.0016275435934425169 0.016290548162321707 -0.013252708943286142 -0.004179137095573057 0.008018308357513453 0.009045578044825364 0.02868129371407311 -0.0046643486656054835 -0.014806315948217736 0.002862977546681115 0.009050706482365908 0.010285679392665814 -1.7434786456273294e-05 3.2668286589652664e-05 5.601525458872506e-05 3.841101146367027e-05 -6.687303341020839e-05 0.0001284226638911692 4.692519773375852e-05 0.00014400334982368496 4.241025439656369e-06 1.9407909784100624e-05 1.34122555439679e-06 1.4549812595084228e-06 2.3475727732611888e-05 1.535399448649701e-05 4.254530262365727e-06 8.186819110850634e-06 8.627252956777472e-06 3.378158832056545e-05 5.7246552420095245e-06 1.6656190816782664e-05 2.34670875639714e-06 8.693365312188367e-06 9.759645918178174e-06 5.829737478326688e-06 1.3528079438517577e-05 4.24128583766812e-06 1.5008154097519138e-05 3.4848480714541804e-06 6.381480888862718e-06 1.8410692996077658e-06 7.6067780206424966e-06
0.00404185673676148 0.014683144914330967 0.0010783739855900712 0.0012378274806296794 0.016837834933261065 -0.015343538240093131 -0.004152683569653166 0.007953406427931723 0.008478456939589514 0.03131568297230993 -0.004374138205828085 -0.016212525948388925 0.0023005887685777515 0.008479838950885677 0.009124508107530066 -3.30102771869519e-05 6.082422303042069e-05 5.621711131655369e-05 5.791411256617431e-05 -7.45328778486276e-05 0.00014856989148577385 4.387986326573512e-05 0.00015919060931032152 4.552242841285806e-06 2.0409448200416136e-05 1.2352757828211293e-06 1.275284254342011e-06 2.3676759258299686e-05 1.627346225482741e-05 4.238524083093401e-06 7.958201873986961e-06 8.089983021417147e-06 3.519762941642329e-05 5.46345217098686e-06 1.7340825587292415e-05 2.1064645593585198e-06 8.289524071603391e-06 9.010939145963118e-06 6.0966865826866805e-06 1.3398601694785799e-05 3.937247123241741e-06 1.4601456335766026e-05 3.5563465098213062e-06 6.091873299842658e-06 1.6870589542846197e-06 7.620903587832057e-06
0.0049744777137525195 0.01729495772490251 0.0009551666403186616 0.0009306200036210859 0.01678443625966483 -0.018473443934693044 -0.00433649314447047 0.008123094192016546 0.007970624221112709 0.03391790066849111 -0.004212620092900806 -0.017967941126426284 0.0018763726503284882 0.007971733947727674 0.007899804004411844 -2.4763528462110646e-05 4.2431409727177134e-05 4.801235886292499e-05 5.8699537890423054e-05 -9.163035862077942e-05 0.0001658858208831903 4.109226955250146e-05 0.00017810559708919007 5.05679334711118e-06 2.2038060794324817e-05 1.1916830412564229e-06 1.1203716078315804e-06 2.393347355256201e-05 1.7579605079370772e-05 4.385637372103049e-06 8.054778621653232e-06 7.841669962074053e-06 3.6883557420384704e-05 5.322800867857021e-06 1.817334292377198e-05 1.9566188278473042e-06 8.236427079123848e-06 8.417818165881037e-06 6.718200549712224e-06 1.4022419147936258e-05 3.512859924152749e-06 1.4697227370480015e-05 3.889544909609475e-06 6.1824427487218965e-06 1.5052852749949223e-06 7.550336019162834e-06
0.006611670405913288 0.02138391268135539 0.0009102791871724594 0.000697176092991389 0.016401274533545767 -0.023623248804446446 -0.004870846167310338 0.008815878505703617 0.007637163230148643 0.037124905517929116 -0.0041443876729880215 -0.020220782359305987 0.0015784423919165784 0.007660145836432631 0.006764273127780042 -3.5735495882716036e-05 7.80629351632919e-05 4.9368075739014296e-05 6.621106402053703e-05 -8.802610002403513e-05 0.00017022028299191902 3.2879589850508336e-05 0.00015697675176473672 5.869096449424361e-06 2.4797669235172955e-05 1.2213532456598022e-06 1.0158962249363305e-06 2.4059403170332905e-05 2.0177353087314242e-05 4.7538980187114185e-06 8.607391734442943e-06 8.072870821082634e-06 3.976961661788292e-05 5.672129528962344e-06 2.051742492096296e-05 1.8971483850423964e-06 8.527662353489276e-06 7.787649046235707e-06 7.921878142802565e-06 1.5940142546183865e-05 3.3611751159354472e-06 1.5097562308564955e-05 4.32956429040353e-06 7.331783290745788e-06 1.3785244312175306e-06 6.682391191667412e-06
0.006801500722390108 0.023114645649345372 0.0007635159082383043 0.0005248055769884431 0.015765099838629167 -0.024705526749851547 -0.004487946255051518 0.008401937004339995 0.006780567118957892 0.037203534353958304 -0.003473234835823874 -0.019124172838798872 0.001234085450786184 0.006767159404961758 0.005748067823420296 -3.4120550491128266e-05 6.715533255421792e-05 4.079661015601655e-05 4.679711701336359e-05 -9.439160516887969e-05 0.00018651123809213118 2.7727122838427155e-05 0.00015333860618541205 6.0763367310655105e-06 2.6227002478495028e-05 1.1506505990939816e-06 9.340881986486358e-07 2.4465491469030546e-05 2.120574383571669e-05 4.743288390849588e-06 8.729442160144142e-06 8.111491568208953e-06 4.157176058272145e-05 5.672593779487749e-06 2.2021070307469195e-05 1.7663567774733006e-06 8.646733110827334e-06 7.701860882825179e-06 8.221916139344222e-06 1.7092240859387904e-05 3.328228675635022e-06 1.6257181416547743e-05 4.859534262213044e-06 7.879003738426881e-06 1.2723217754093359e-06 6.552264362927157e-06
0.006194172910304002 0.02296798979415948 0.0006049299398312297 0.00039625742808116655 0.015049893616720336 -0.02326285644847013 -0.003772968981319515 0.007456532434046634 0.005713539215071143 0.035210507676297756 -0.0026737374894145035 -0.0165063765221033 0.0009273285620874069 0.005713100069144677 0.0048761579602893766 -8.768574306313273e-06 3.4425016252317434e-05 3.0675278565562456e-05 4.323388874827957e-05 -7.727200544150139e-05 0.00016485795819615122 2.2776452399508002e-05 0.00013982818595981595 5.928840227465689e-06 2.6758609383480387e-05 1.0685114567548799e-06 8.678700813322476e-07 2.477434510849182e-05 2.1345658866636515e-05 4.5710466014661425e-06 8.709500334120796e-06 8.054393465005965e-06 4.2120606947037575e-05 5.49869997352779e-06 2.246534255375885e-05 1.634528359228299e-06 8.64403458544621e-06 7.522374174164958e-06 8.046714694644826e-06 1.7736693104150036e-05 3.1607564532722074e-06 1.714084670222003e-05 4.957839568286607e-06 8.109774016394845e-06 1.1790673448986261e-06 7.09128824415653e-06
0.005358094412775656 0.02193805220885901 0.00046722745902906825 0.00030451447048078365 0.014296700613399303 -0.020938777980281383 -0.003055045308249674 0.006398685270129448 0.0047260350767577685 0.03237492910961474 -0.0019903625793096166 -0.013673770478854791 0.0006894105949291528 0.004721235571815812 0.004172058923522631 -1.541440069165708e-05 4.990031508530461e-05 2.84390629841391e-05 4.870891907114856e-05 -6.149537873615513e-05 0.00014872899267061624 1.9328474555209204e-05 0.0001262867992905766 5.613263147370007e-06 2.668106062525134e-05 9.894603378104517e-07 8.130981040883893e-07 2.481979183527495e-05 2.0815405353515615e-05 4.279986156700939e-06 8.43646867558955e-06 7.814279698426507e-06 4.1776460648515515e-05 5.235444900659586e-06 2.2275135970631187e-05 1.5485133584736247e-06 8.365876217810616e-06 7.21473298146579e-06 7.642572912028896e-06 1.7568209823196705e-05 3.0076115964112586e-06 1.7041876036247546e-05 4.779142884918274e-06 8.059719252106523e-06 1.0984396018667954e-06 7.513959395070068e-06
0.00452439664858343 0.020424504688656784 0.00035755092184762107 0.00023740878297672272 0.01354191798574707 -0.01838551619036185 -0.002435869345852645 0.005391529193838607 0.003859677749047917 0.029154149972531324 -0.0014658183756885053 -0.011058583776204245 0.0005115226963437351 0.0038528205707004243 0.0035894264361436604 -1.1815438266013072e-05 3.584760427247144e-05 2.243298229189924e-05 2.2756171532412593e-05 -5.2335298931653736e-05 0.00012387814022745317 1.6847797620607434e-05 0.00012286523840486244 5.2441795563255746e-06 2.619992904830713e-05 9.409145696337532e-07 7.653944175190939e-07 2.4551830755792025e-05 1.999195597246087e-05 4.015146269270038e-06 8.044918273754629e-06 7.521673773905448e-06 4.097303642870159e-05 4.92934499332393e-06 2.1680789869142192e-05 1.4594604568240539e-06 8.066238688929897e-06 7.0619734695338236e-06 7.169955384096793e-06 1.7093724769119897e-05 2.9106420739809804e-06 1.688974863122465e-05 4.551649159232525e-06 7.920311733943513e-06 1.0236437826117819e-06 7.644157789020807e-06
0.003749755501325288 0.018644933949945076 0.0002692458955886433 0.00018402889361729104 0.012845543352759935 -0.01585270420024706 -0.0019043154563829314 0.004476050494897827 0.0030966272362205637 0.0259338607372336 -0.0010414246256822781 -0.008744740407279978 0.00037303245723069263 0.0031208656777065623 0.003075120419053907 -1.9586884570104283e-05 4.594068019059132e-05 1.3093885168518685e-05 2.7957105846098745e-05 -3.895426836380677e-05 0.00011288200951468547 1.2132262045024206e-05 0.00011480065773204399 4.8523147325905325e-06 2.5367169341316116e-05 8.970337929494197e-07 7.171553053449504e-07 2.4151448035935754e-05 1.8960517054097547e-05 3.731453560291978e-06 7.626229765317462e-06 7.171354349278929e-06 4.0196200631893524e-05 4.60560014279073e-06 2.093991562886039e-05 1.3638536699155418e-06 7.842541156670946e-06 6.893602784428427e-06 6.697708399062177e-06 1.66026573944435e-05 2.736282324075741e-06 1.6905592606538702e-05 4.2975992740148644e-06 7.740498017066902e-06 9.671988034003154e-07 7.634569534459148e-06
0.0030885845062063075 0.016956296135405977 0.00020610986386416523 0.00014486367235421 0.012146528118742042 -0.013623610137223064 -0.0014977044691206365 0.0037297036395913755 0.0025075766996386344 0.022955654495393264 -0.0007441498477672196 -0.006854603571401644 0.00027703893203753364 0.0025296170284534124 0.0026525980951725005 -1.349724336006283e-05 2.4482772199310846e-05 1.426574025440644e-05 5.316873622364611e-05 -3.689870361244884e-05 0.00010162921235036648 1.1259845433334365e-05 0.00011078646841769376 4.469097115729641e-06 2.4395771543064202e-05 8.397926855605588e-07 6.663459299967743e-07 2.360694181201727e-05 1.783111288196412e-05 3.4239014420451323e-06 7.196724643839675e-06 6.798119668465829e-06 3.9198311502014355e-05 4.2365570430039086e-06 1.995367425711531e-05 1.2481134260733744e-06 7.540742666893873e-06 6.664450057596093e-06 6.209942958285324e-06 1.5940610825989764e-05 2.5490795010634376e-06 1.6575430443646025e-05 4.024351377376221e-06 7.456568303893524e-06 9.060476489184082e-07 7.594549046069192e-06
0.002512254545602094 0.015191878054740602 0.00015435968488415662 0.00011542734145857056 0.011498408803650339 -0.011541092051657644 -0.0011613721500830449 0.0030553679771278767 0.002014732113539499 0.02007265502202814 -0.0005278885597043109 -0.005280314293763776 0.00020302761692454378 0.002018437258772127 0.0023025619626465994 -6.5031463204671725e-06 2.7292135670412647e-05 1.2429800105184474e-05 2.9032160090220136e-05 -2.024680113779946e-05 9.30827610755299e-05 1.1687614340036735e-05 0.00011238425874950563 4.099838770000797e-06 2.3298611679905992e-05 7.788615576821504e-07 6.179160486377104e-07 2.3062661341796888e-05 1.677684829919108e-05 3.146929761834553e-06 6.783970631897362e-06 6.431682613285683e-06 3.7938487525589684e-05 3.9175484327970865e-06 1.8888798519238057e-05 1.1461449558071066e-06 7.2435089783472e-06 6.471150635966285e-06 5.768491409723e-06 1.5225070947399317e-05 2.3595868932515354e-06 1.6132172968359193e-05 3.7832609460628404e-06 7.195597606408016e-06 8.508591560404485e-07 7.442393674431764e-06
0.0020375433190336256 0.01355949928652104 0.00011666087029986382 9.086585002344642e-05 0.010801015877081557 -0.009754189656503287 -0.0009021651423141645 0.002510464840484181 0.001609788058141071 0.01745274337896392 -0.0003680269353044997 -0.0040069794893590254 0.0001486517317901208 0.001620466027497856 0.0019897098331672024 -6.629518012145928e-06 2.9869767936301587e-05 9.702987539400298e-06 2.5523204782665617e-05 -1.587702558196459e-05 7.798164881852394e-05 9.4354002866375e-06 0.0001039061485749891 3.737203908964495e-06 2.2132999519499757e-05 7.065800729019187e-07 5.664138608319879e-07 2.2324658594811728e-05 1.5686906847029217e-05 2.8530719986395384e-06 6.376368908843801e-06 6.0257762684244404e-06 3.649006641620576e-05 3.5723799026631104e-06 1.7793793866416754e-05 1.0299517173439525e-06 6.866276937415283e-06 6.170849208976149e-06 5.3249582820948346e-06 1.4381689865452e-05 2.18706368955799e-06 1.5458365684241477e-05 3.5109711173479345e-06 6.817378468179585e-06 7.919393753368409e-07 7.172603569969615e-06
0.0016635484706544253 0.012042549915646109 8.638198375991034e-05 7.279450193930908e-05 0.010128738625179285 -0.00823721470780753 -0.0006979667945913858 0.002040361010767951 0.001279424977053417 0.015033839245661554 -0.0002476912014603653 -0.0029504342110811092 0.0001079908640574427 0.0012712184826048013 0.0017189947550953649 -7.769075505703011e-06 2.6109773008450392e-05 8.320430295156782e-06 6.336638512124518e-06 -1.373848471302808e-05 7.464091268996719e-05 8.599839188645774e-06 9.643407069514809e-05 3.4220812648357382e-06 2.102604783521469e-05 6.531286244300115e-07 5.203649817749214e-07 2.1599045856219942e-05 1.4687332514614986e-05 2.6177530994540033e-06 5.97211789299019e-06 5.651300358087059e-06 3.5034556020204275e-05 3.280573822460784e-06 1.6785842568468852e-05 9.438941560755821e-07 6.547533475439664e-06 5.9399225271236776e-06 4.921875642045365e-06 1.3618922973081693e-05 2.0039230316964565e-06 1.4792964669594526e-05 3.232633384499431e-06 6.482948855561344e-06 7.508502500492952e-07 6.9880064638558236e-06
0.0013515011917422902 0.01072412395638904 6.645500264710636e-05 5.8451915925372696e-05 0.00954064709912683 -0.006983060276073903 -0.0005470001073230952 0.0016862048105074842 0.0010300117926389186 0.013063565869580148 -0.00017114444316806038 -0.0021869787157610685 8.056899660994118e-05 0.0010233700054305796 0.001501580871143481 1.4104524634273003e-06 5.715541982082562e-06 8.20304341009296e-06 -2.454248942933341e-06 -2.587459856718031e-06 5.995613680404683e-05 7.04433156620954e-06 7.958422477543678e-05 3.12996472784853e-06 1.997072233424809e-05 6.206278905895386e-07 4.784641058243521e-07 2.093054987613725e-05 1.3800444399560525e-05 2.4421631184788954e-06 5.6277501871093185e-06 5.3399529466178215e-06 3.364992791405226e-05 3.031687949703152e-06 1.583954628119298e-05 8.797472109400949e-07 6.2645633519818305e-06 5.684022096581706e-06 4.57109689242037e-06 1.2918833538553473e-05 1.8581911251572533e-06 1.4144907784940033e-05 3.0408237693840078e-06 6.176890711958311e-06 7.24860215760691e-07 6.753927104117149e-06
0.0010948094030140175 0.009506782559319069 5.005883223496003e-05 4.79340019149374e-05 0.00901490591653908 -0.005842877974722048 -0.0004243567318238261 0.001379287554816668 0.0008252343606851319 0.011276118937529443 -0.00011368542156439947 -0.0015290683398997782 6.002747287039036e-05 0.0008164709965606778 0.001316204612669287 -1.0958070923870664e-06 1.159419512208859e-05 1.628536833889732e-06 1.354793067632455e-05 -2.6806670835613762e-08 3.537719434489912e-05 5.045138682831442e-06 7.776486313336054e-05 2.8631186373466392e-06 1.8952111147083823e-05 5.898207214757755e-07 4.5722755012460525e-07 2.0294712343680363e-05 1.2957660074451337e-05 2.2642622848990887e-06 5.302583565689359e-06 5.045243672409219e-06 3.233126787993606e-05 2.882409533657108e-06 1.495976657053986e-05 8.506771085493375e-07 6.010410172542552e-06 5.470401657399563e-06 4.193722133751211e-06 1.2205414152200567e-05 1.772194605761764e-06 1.3585316599830548e-05 2.780151336401381e-06 5.8649773940184235e-06 6.804538300357007e-07 6.531207841481612e-06
0.0008974589001186634 0.008424392555083572 3.8987575818091286e-05 3.8753171511470295e-05 0.008531064958682041 -0.004945070255788192 -0.000337446259361108 0.0011523587474721205 0.0006687359055222552 0.009794530450721503 -7.359881311593688e-05 -0.0010819237140222984 4.464343202800056e-05 0.0006660088434300382 0.0011520626688042508 -1.5110802432329966e-06 1.5596785254041093e-05 4.730390272754998e-06 9.772711048331089e-06 -1.1617940970261783e-06 3.860180371151573e-05 5.198464038701682e-06 7.829048584093583e-05 2.622679294806312e-06 1.7974808790021116e-05 5.582109399072797e-07 4.262100597396203e-07 1.967402572504716e-05 1.2174425577579576e-05 2.1046540053090072e-06 5.018389072609648e-06 4.765291942499893e-06 3.103644592634146e-05 2.7078715324724208e-06 1.414291919514973e-05 8.029552160739794e-07 5.760499797856579e-06 5.2827629497911845e-06 3.927799587133231e-06 1.1651512326549216e-05 1.6518879036546034e-06 1.295974236189794e-05 2.605312485025443e-06 5.602456471071501e-06 6.454802728644395e-07 6.303911536605766e-06
0.0007385000012308606 0.007489048237270709 3.154297923208199e-05 3.302081923773687e-05 0.008055215486486259 -0.004209776599439442 -0.00027091588627172023 0.0009572955711010519 0.0005369845888518165 0.008425183346736514 -5.049503706173601e-05 -0.0007496261438451255 3.580202749710356e-05 0.0005506086224273229 0.0010252473814500252 4.1695550149773015e-07 3.0065505632257623e-06 1.4413576776376366e-06 8.598030265043057e-06 -2.488258553848626e-06 3.2201898561325545e-05 3.926696760274536e-06 7.015156705147975e-05 2.421751437019386e-06 1.7079492628532484e-05 5.260315636194408e-07 4.021599807050434e-07 1.905873181771699e-05 1.1406472033188013e-05 1.9563315440626037e-06 4.74115088307483e-06 4.488914481071221e-06 2.9807672346308227e-05 2.5531555151874014e-06 1.3408014914790947e-05 7.659697833989675e-07 5.523267410674687e-06 5.093631241786926e-06 3.6569331448301165e-06 1.1048248934546936e-05 1.5748230508562177e-06 1.247255166346438e-05 2.4516751915699728e-06 5.2628912316044e-06 6.269040825129113e-07 6.117832218898065e-06
0.0006077529816293242 0.0066355787444735605 2.3180104694297934e-05 2.6967229661135908e-05 0.007624561491697133 -0.0035615529456764767 -0.00021135855409331458 0.0007901671027783203 0.00043795280142603765 0.007287736880799728 -2.7984852780453226e-05 -0.0004438399510592748 2.5817116946489643e-05 0.00043751531672038514 0.0009097386170254536 -1.2949911636672145e-06 4.438000889105836e-06 2.643163047286405e-06 -2.5707322857655233e-06 -3.529681369974146e-06 3.4530614966969265e-05 4.262094698116814e-06 6.635452268930787e-05 2.2214164717832625e-06 1.616421590286149e-05 4.821129868921362e-07 3.6615147746154136e-07 1.842188316062333e-05 1.065164265232297e-05 1.7990541767615625e-06 4.446535310953984e-06 4.209144253489487e-06 2.8498889672201138e-05 2.351864557858491e-06 1.2650681258716463e-05 6.946107144605495e-07 5.232511593678233e-06 4.87386494839158e-06 3.3503941619042086e-06 1.0467659587282638e-05 1.4414212309948444e-06 1.1871075018141178e-05 2.2189851104435787e-06 4.964657870709407e-06 5.846100057554948e-07 5.867626204715333e-06
0.0005036499599548614 0.005894698400510195 1.87941443001988e-05 2.2400814464214275e-05 0.0071887168228542304 -0.0030365653149224073 -0.0001709215185259089 0.0006605887253816377 0.00035174634368443877 0.0062963784660154684 -1.5088512983318091e-05 -0.0002451951733694512 1.9986720312436896e-05 0.0003503250662104947 0.0008027640431453369 -1.2769130564568027e-06 1.4400540428545135e-05 8.104795130363874e-07 1.4095001455922815e-05 -8.556704353559122e-07 3.1489828684548834e-05 3.2333647262042505e-06 6.545280580096919e-05 2.058677961055443e-06 1.5341359947603073e-05 4.5571032310479275e-07 3.448836962696482e-07 1.7821344286551644e-05 1.0036223084377169e-05 1.6730631002820422e-06 4.225220087379139e-06 3.971193645021537e-06 2.734911593657818e-05 2.2154837734885547e-06 1.2010355009955293e-05 6.590516017956104e-07 5.0271751993004894e-06 4.682978116976066e-06 3.1554874742095706e-06 9.964687604103226e-06 1.3634487577431838e-06 1.1430132953014494e-05 2.128308563212423e-06 4.686936241228734e-06 5.468485880084088e-07 5.65730604032381e-06
0.0004172206786101887 0.005232142726860691 1.4380812602475215e-05 1.811228605434487e-05 0.006807328555841471 -0.002587853835361298 -0.00013678524175405617 0.000553211566626467 0.0002861564090328816 0.0053990554462271375 -4.84602833847287e-06 -8.12857760343437e-05 1.4272437129641735e-05 0.0002850421203818729 0.0007034529269453097 9.491640257709616e-07 1.3700068657679525e-05 3.421696124223854e-06 3.2841322266841305e-05 9.38615780376492e-07 2.6852044526882503e-05 4.08329098802271e-06 6.475423713957166e-05 1.9023421079272463e-06 1.4547578200505122e-05 4.25750377226779e-07 3.224029100747447e-07 1.7274675627967636e-05 9.447153257871879e-06 1.5515741653696942e-06 4.008308382190135e-06 3.7742613933502664e-06 2.6199924249291888e-05 2.085419718062193e-06 1.1433625676132727e-05 6.069640402594199e-07 4.820309915657158e-06 4.502075255031428e-06 2.905328530065749e-06 9.48972823974046e-06 1.2709239539588192e-06 1.0961759473466356e-05 1.9441991607658104e-06 4.43963201326544e-06 5.170235931805883e-07 5.464282023009834e-06
0.0003502129721754346 0.00466925656863484 1.1255282433171395e-05 1.5301671248652875e-05 0.0064393623959752965 -0.0022120306049227593 -0.00011056419269459277 0.0004596620203214896 0.00023078894140583537 0.00465609352294996 1.168068581872899e-06 5.420108337320378e-05 1.0859211130921976e-05 0.00022657664081517277 0.0006291054675982887 5.6722622782451665e-06 -3.458814694482161e-06 3.192876050805519e-06 4.089062092869988e-05 9.59655733791079e-07 1.6850020686201697e-05 3.3554998804159058e-06 6.475017217095049e-05 1.7713829341413578e-06 1.3848493336228411e-05 4.0013645061895797e-07 3.099352004503039e-07 1.6730659629222623e-05 8.914428484437693e-06 1.4544643418304293e-06 3.8014309091224445e-06 3.5864365791493886e-06 2.51558208991544e-05 1.966364561232985e-06 1.087576373749048e-05 5.86414841301958e-07 4.620023167667247e-06 4.338589197322547e-06 2.6898447762918823e-06 9.037987161817808e-06 1.2084800298372614e-06 1.054166986454524e-05 1.7930793343664652e-06 4.217994885289136e-06 4.978626545225645e-07 5.260063305038044e-06
0.0002902386966735309 0.004198205765046722 9.587355080095008e-06 1.3070912423210776e-05 0.00612270783223914 -0.0019060661063489983 -8.998518900432228e-05 0.0003961824090052193 0.00019030545501250891 0.0040221280808415685 5.291887364517477e-06 0.00013678545807348385 9.083755434352545e-06 0.0001948818641773576 0.0005730379299862807 -3.24750216921485e-07 2.265007783103118e-06 -1.3819713026734216e-08 -8.449031104743164e-06 2.003341502254717e-06 1.4181482902359181e-05 2.4734495906436404e-06 5.854730572336421e-05 1.636974011514497e-06 1.3202534023386386e-05 3.783444253033624e-07 2.995850541337981e-07 1.6246838326465596e-05 8.482949852920677e-06 1.35049212967281e-06 3.6426600725227086e-06 3.448427545569044e-06 2.420712330715904e-05 1.84638933560812e-06 1.0358215101005084e-05 5.540939328775545e-07 4.4557243869973505e-06 4.181683772074302e-06 2.554359827348875e-06 8.668608152071893e-06 1.178579545377164e-06 1.0166421465255413e-05 1.7128613963408404e-06 4.05941674904178e-06 4.740322257604729e-07 5.1096686496731986e-06
0.00024351036406788085 0.003720215999520212 8.05246600251307e-06 1.141808539056551e-05 0.005739934967232811 -0.0016307697629101034 -7.283774320028824e-05 0.0003305131989046548 0.00015414476555601538 0.003477872351414255 8.079366927079954e-06 0.00019857633022051164 7.800000303182602e-06 0.00015387356835037526 0.0005078539649840675 1.978081988370513e-06 -6.204001776264425e-06 1.8040749866292378e-06 1.6540138828636227e-05 1.7700817519191804e-06 1.3741009235087619e-05 2.057761423119895e-06 5.1791118542156356e-05 1.5219888265660329e-06 1.2534664862690975e-05 3.54305494495305e-07 2.835812590769464e-07 1.564691144119377e-05 8.033979633835898e-06 1.261997216255466e-06 3.4631873460392267e-06 3.257187686351722e-06 2.316189039223688e-05 1.74814140721653e-06 9.896535078856097e-06 5.223090328385016e-07 4.283471745031955e-06 4.034095355802304e-06 2.3595483249793e-06 8.175637337755753e-06 1.0927126358751391e-06 9.800108908261903e-06 1.5681647261038153e-06 3.857111229626478e-06 4.5248331284074625e-07 4.9219586405728555e-06
0.00045366733855025857 0.007594180206506646 1.2762580130886612e-05 2.1276469309043763e-05 0.012891745539721385 -0.0031621637431325507 -0.00012782992782159387 0.0006225969509049467 0.0002804914147326241 0.006753086911714605 2.508639675635771e-05 0.0006035726699739087 1.1622977863668502e-05 0.00027530866095485334 0.0010534468551943084 -4.897555979961442e-06 1.1077287602778458e-05 3.046125845253073e-06 2.505532329989618e-05 5.7389740527248916e-06 2.7982862630970335e-05 4.196235850553533e-06 0.00011131721662222667 2.123521984816589e-06 1.8113819651746135e-05 4.998821310564942e-07 3.942591348183848e-07 2.3273578363061923e-05 1.1426074935334088e-05 1.7746304745542744e-06 4.97267215534194e-06 4.652441779565008e-06 3.400539469774076e-05 2.5260242463557023e-06 1.4426850269438887e-05 7.207198925895621e-07 6.253446121535042e-06 5.940390082361943e-06 3.382647461697613e-06 1.1832239492599503e-05 1.581747507979328e-06 1.4428877764800612e-05 2.2943314609965605e-06 5.515099675972185e-06 6.642272367163469e-07 7.303558076504029e-06
0.0002955864270429677 0.005751238540502462 7.691510905337393e-06 1.4341215139438977e-05 0.011318042982663432 -0.0021576159436949858 -7.549441839985475e-05 0.00040676585278346403 0.0001608162459783967 0.004571593179724232 2.4135286113623877e-05 0.0007221338942541424 6.710619422674235e-06 0.00015959780225770063 0.0008012042852201351 3.788981401301166e-06 1.0811123124011072e-05 9.92359073500026e-07 6.006239540775074e-05 2.984697482066061e-06 1.4088362796092992e-05 2.817367780290721e-06 0.00010235350696559513 1.78451515816375e-06 1.6052280793749294e-05 4.3300045804913103e-07 3.4268149844034954e-07 2.1582854637479267e-05 1.0074437898949764e-05 1.5176569093328928e-06 4.42951295720033e-06 4.126275552253025e-06 3.0825501784413436e-05 2.2104404801677633e-06 1.3012669029249034e-05 6.130992028587572e-07 5.718379875859067e-06 5.436037901074796e-06 2.9669377648308297e-06 1.0493905617728958e-05 1.385860613723125e-06 1.3213592385142388e-05 2.0815810098376514e-06 4.904648132622236e-06 5.902644299071991e-07 6.7274038925336175e-06
0.0001960460929862073 0.0044030416725063725 4.293791982276668e-06 1.0534886107090267e-05 0.009926227736416434 -0.001512817244030231 -4.570359939251352e-05 0.00027283538715057974 9.763298266557802e-05 0.0031136208514312993 2.100617701551354e-05 0.0006949639971092369 3.6828465182715872e-06 9.808438929346765e-05 0.0006318267790370282 -1.1783702541936602e-06 7.997101030894733e-06 -2.2747958500373107e-06 9.737276097066484e-06 6.387295510342788e-06 9.276671467120357e-06 2.1363093603837587e-06 9.40096714167351e-05 1.5179939404205213e-06 1.4263441679251208e-05 3.903990828286787e-07 3.1491370494225067e-07 2.004380023373837e-05 8.871382384416672e-06 1.317783097827044e-06 3.963548310560895e-06 3.759477769014917e-06 2.8040189749462537e-05 1.958622175174378e-06 1.1723612157617348e-05 5.764022244394937e-07 5.213655903183166e-06 5.01398890246561e-06 2.624747067192398e-06 9.36664005836745e-06 1.2640613489537945e-06 1.2218180308229833e-05 1.8615509900428645e-06 4.391098382170259e-06 5.344639737284538e-07 6.246226361302451e-06
0.0001390280210872445 0.0033758555115720457 3.392171405761722e-06 6.761124041320302e-06 0.00872649953580602 -0.0010905501877509648 -3.4503481919994225e-05 0.00019396416932215238 5.9497945534481234e-05 0.001995882189631796 1.357447838187675e-05 0.0006445345763778524 2.0937849465936964e-06 5.868708683109626e-05 0.0004870788050978883 2.486840648624931e-06 -1.578296138241743e-05 6.532412527066656e-07 -4.202778919867231e-06 4.282643075169131e-06 9.274213843895273e-07 2.889129047944797e-06 8.31757733209443e-05 1.3138806026919693e-06 1.2721960798954e-05 3.515239406824337e-07 2.8170867174276006e-07 1.862331746751126e-05 7.909148279063708e-06 1.161755452931182e-06 3.5498778963892997e-06 3.343575075275105e-06 2.551751884695506e-05 1.7074668403325533e-06 1.0659524846127914e-05 5.368024396723554e-07 4.794155032615437e-06 4.56628460606598e-06 2.3163506241153434e-06 8.333976388903678e-06 1.1144551315416548e-06 1.1228110811566032e-05 1.6426306502811933e-06 3.930370752068779e-06 4.777511673450456e-07 5.7286002997734775e-06
9.755539131541964e-05 0.0026272311257084895 2.018883522764935e-06 5.242961141616381e-06 0.007639197010523206 -0.0007830917269858092 -2.1243408266148132e-05 0.0001351717146764194 4.1934686689589816e-05 0.001317661846224525 1.2507928409552088e-05 0.0005773220884451692 1.8858473413022003e-06 3.329662343510122e-05 0.00038587137253716364 -1.1690064686314426e-06 3.834615399469082e-06 1.829743610465131e-06 2.819638646864632e-05 3.668710248263591e-06 6.958183630467986e-06 1.6381774422298453e-06 6.550420989856832e-05 1.1373901461208065e-06 1.1380816415692322e-05 3.0596205061806474e-07 2.478844430370132e-07 1.727670709767369e-05 7.067671096156288e-06 1.0223384936401343e-06 3.192602871659252e-06 2.9931324726142914e-06 2.3277578286865182e-05 1.540977932283435e-06 9.68693500894316e-06 4.602497258542075e-07 4.396342254625832e-06 4.218427453645959e-06 2.0879364536017504e-06 7.529874039527094e-06 1.0038685973148304e-06 1.0337848896023204e-05 1.566403445665692e-06 3.51481978745386e-06 4.3104065411052e-07 5.293717828494418e-06
7.116248737442972e-05 0.0020573164780506876 8.428373873460852e-07 3.989580496129914e-06 0.006755832565450094 -0.0005644151850145929 -1.3667914316168244e-05 9.404414418938565e-05 2.4973677312102796e-05 0.0008420529927582638 9.022043151443828e-06 0.0005007007403959398 9.206020464502723e-07 2.2545478366532867e-05 0.0003097692025518085 1.8639201180457086e-06 3.766469275293863e-06 6.035675686577285e-07 9.867415142700695e-06 -3.683603485796969e-07 4.343379019187075e-06 1.6070894664488105e-06 5.885288878917642e-05 9.781549985448478e-07 1.0245744609312244e-05 2.750562262599469e-07 2.26292959075353e-07 1.611886926768159e-05 6.341146815247443e-06 8.944259259408189e-07 2.85308421920393e-06 2.688258885724284e-06 2.1330493660557803e-05 1.3825978118186568e-06 8.945994560354767e-06 4.313930699546259e-07 4.04519805849493e-06 3.913144706301762e-06 1.8552307876515987e-06 6.739744502156622e-06 9.016398395408775e-07 9.591057729712819e-06 1.3594493722872496e-06 3.1320361640782533e-06 3.865370809312825e-07 4.9276969992747945e-06
4.912920259666917e-05 0.0016048492323184251 1.2498008388816526e-06 2.4614986789169997e-06 0.005958230698419579 -0.0004128210562117848 -1.025139931137897e-05 7.096419617912113e-05 1.24384033472992e-05 0.00047081413072338514 8.24888443447359e-06 0.00045901865051157126 2.823268093822856e-07 2.3324689375092506e-06 0.00024292883944257063 1.2707689615698375e-06 -1.792883526652156e-06 4.5822593679281513e-07 2.7363541074127285e-06 3.285857770453731e-06 -1.4866898976506068e-06 1.5167902114457365e-06 5.543450146143531e-05 8.377205300658938e-07 9.176312173871566e-06 2.447836651040551e-07 1.9676926873366587e-07 1.5025384814274054e-05 5.669271825485721e-06 7.743583386598211e-07 2.573194269236016e-06 2.4318991346252916e-06 1.955682623871155e-05 1.2304006297414462e-06 8.138585803871085e-06 3.8032792533707423e-07 3.745528809281682e-06 3.5950511164798707e-06 1.6399755935067201e-06 6.079713605634936e-06 8.178174140655467e-07 8.868882406678302e-06 1.2462571714675895e-06 2.8841129690456025e-06 3.4772874890451945e-07 4.520123133536173e-06
6.413448991651886e-05 0.0023085795777619865 1.3555651353032995e-06 2.977334107368873e-06 0.010035602638515774 -0.0005545793456689133 -1.3526115077844725e-05 9.154597543089603e-05 7.940209346271297e-06 0.0002902730368465322 9.96562561643129e-06 0.000678913071008564 1.4527970918560127e-07 1.765309127754584e-05 0.0003631401982285949 1.5449649530766345e-06 -3.4163926978703116e-06 -6.948680781840843e-08 -2.6638418632453238e-06 2.650401394120078e-06 2.443242431191895e-06 2.110306372029306e-06 9.335615429445082e-05 9.90884414406845e-07 1.1198320028203169e-05 2.9719460952855726e-07 2.2572076392126178e-07 1.928661767240459e-05 6.910468147185334e-06 9.369873089579839e-07 3.1556914990526676e-06 2.972672871246037e-06 2.4588216341649496e-05 1.4576841787905418e-06 1.027700747470214e-05 4.503712768488319e-07 4.742007014341976e-06 4.533130862580584e-06 1.9804656578905223e-06 7.3625885146184426e-06 9.62538530051465e-07 1.1264146974641326e-05 1.4890231831313883e-06 3.4275276826053224e-06 4.1187027033864046e-07 5.797221903932939e-06
3.7060737285079696e-05 0.0014526972340492465 8.047499562510932e-07 1.5274145485394277e-06 0.007956857639508241 -0.00030050664037247583 -8.070809390947525e-06 4.581247635784027e-05 -2.403382303421304e-06 -0.0001603662942442895 5.715182850301655e-06 0.0004927105008868676 -4.307195322467785e-07 -9.994133192763583e-07 0.0002387508051978201 2.1359922286954625e-06 4.843315735791311e-06 1.0054642628098597e-06 1.0570738122920441e-05 2.7877451894813743e-06 -8.477867151785455e-07 1.8550676358781422e-06 6.85027666678798e-05 7.907373786133006e-07 9.232966521226798e-06 2.4283764338558644e-07 1.9775507802269636e-07 1.6952676124753786e-05 5.691814845321307e-06 7.623336771510678e-07 2.5875956152792505e-06 2.414774666835449e-06 2.098626342358371e-05 1.2311169098104365e-06 8.91971575729589e-06 3.7686349955902585e-07 4.130746334889744e-06 3.974448678565759e-06 1.6479774511772797e-06 6.051605825629788e-06 8.269277762020676e-07 9.86659839224264e-06 1.2431653105216384e-06 2.7590091300422158e-06 3.386152072093514e-07 5.070840191330959e-06
2.269608383972843e-05 0.0009316233904943339 8.616687505330084e-07 1.692290985483635e-06 0.006302587738065318 -0.000181723602652049 -5.2688035629486924e-06 2.821315109275512e-05 1.5526440729520618e-06 -0.0003206993403645592 1.681521052798648e-06 0.0003532511391422622 6.853963006674345e-07 -5.923970314530342e-06 0.0001680726689899605 2.1821447854246498e-06 -4.465686431454414e-06 -3.3881422747698107e-07 9.901858596213726e-06 -3.4820877626905724e-07 -2.702917165892299e-06 6.232763083707869e-07 5.545791672166988e-05 6.855316574274302e-07 7.64637357561147e-06 2.2175813814071382e-07 2.137130630813995e-07 1.4962396278654744e-05 4.770710564950263e-06 7.080489153282902e-07 2.1937111445780085e-06 2.124015105702835e-06 1.8044612757367282e-05 1.1183843127415835e-06 7.683623248322418e-06 3.890887609177159e-07 3.619182767390481e-06 3.5469679855093403e-06 1.3675883684938037e-06 5.0551524588650074e-06 7.403363865404758e-07 8.557688604101003e-06 1.0521052282151296e-06 2.3466132677376578e-06 3.307448015884018e-07 4.4362343782616925e-06
1.157018296596076e-05 0.0006352080333111837 1.5021132731672056e-07 5.783318835631241e-07 0.0050810974857024285 -0.00010946540530090629 -1.0983425884846217e-06 1.2287132576670126e-05 -3.4484379502337617e-06 -0.00037069429675335423 2.3865708917331076e-06 0.00026081767783150755 5.142802742635126e-08 -1.1592615359129306e-06 0.00011472680211569945 2.9864833850095375e-06 -1.1189121092854916e-05 8.212943249493091e-07 1.2547779894202667e-05 2.1564971881382273e-06 -4.598942923037203e-06 8.050282683845319e-07 4.730740368645492e-05 5.982256841821102e-07 6.42394583113492e-06 2.0034141420022284e-07 1.7512427963875483e-07 1.3311301333453827e-05 4.047014137259574e-06 6.323163896847691e-07 1.9089637667028623e-06 1.7850392064355382e-06 1.573919288181391e-05 9.433134326552188e-07 6.71592055105857e-06 3.5476101903278825e-07 3.1929276526315494e-06 3.100596063583823e-06 1.1737748359062947e-06 4.3179455177661875e-06 6.14964752763741e-07 7.553429052318849e-06 8.740180292224667e-07 1.961189894368535e-06 2.583289154763923e-07 3.861393014346853e-06
6.360895986876309e-06 0.00043092481018938033 5.642910396216221e-08 3.495778165280073e-07 0.004079745071229633 -7.100386611155032e-05 4.605780312384175e-08 9.446635530749203e-06 -3.5840810343636377e-06 -0.00037534257489024476 2.045083593647416e-06 0.00019262635270131224 -2.563004041264385e-07 -2.0321625940276622e-06 8.657307675896831e-05 1.5711601403488026e-06 -6.350644682068412e-06 -1.3320045284672092e-06 -3.59924291325855e-06 2.889986755960018e-06 -6.535731251989573e-06 -1.7449815324891292e-07 4.0036065025194614e-05 5.471430493257018e-07 5.415319240850927e-06 1.7446414630382116e-07 1.587909784732736e-07 1.1851055402450879e-05 3.5466303166192835e-06 5.856806618002709e-07 1.6578804542238313e-06 1.5704710180261949e-06 1.3779912234831268e-05 8.854479114199396e-07 5.985999532132091e-06 3.0091480037374774e-07 2.8175031310673677e-06 2.7424897898254765e-06 1.1514849826627858e-06 3.870648585184737e-06 5.60170783631519e-07 6.750753262788691e-06 8.513230911307576e-07 1.73169157753061e-06 2.4410918797217227e-07 3.446722236605924e-06
7.127679198445459e-06 0.0005029265168234659 -2.466688030141891e-08 3.613871897074518e-07 0.005880139938124059 -6.472525756613427e-05 -8.217968505556952e-08 5.037489319746115e-06 -6.733547333372237e-06 -0.0005872130803754107 1.637801699300857e-06 0.00024390071364558004 6.937778149180578e-08 -6.353589384078114e-06 9.928718715153824e-05 2.110064061698279e-07 2.441641487197644e-06 -9.30486059207631e-08 6.740593132515782e-06 2.988319184988142e-07 -3.481639377545697e-06 2.6314080949463864e-07 4.6262464132705276e-05 5.328499505548799e-07 6.041636168255997e-06 1.8483795820484246e-07 1.7731565966782886e-07 1.4091306694922183e-05 3.815942087819309e-06 5.7763864568855e-07 1.805328163117219e-06 1.7149801618506665e-06 1.5954077719509397e-05 9.154606012000648e-07 6.9127789539632165e-06 3.4196439073705235e-07 3.2822471372201573e-06 3.220811172156707e-06 1.1624562400899146e-06 4.181350242209065e-06 6.423724879614705e-07 7.956829521899699e-06 8.956634436938552e-07 1.8976187844853958e-06 2.668744749252499e-07 4.118252276432612e-06
2.493408904914258e-06 0.0002371110249986336 1.4158075744912214e-07 3.6963891790020434e-07 0.0037392723974501376 -2.6326377390172167e-05 8.037557534592176e-08 1.4847012832065312e-06 -3.036576116076779e-06 -0.0004682038721019819 1.2851092676328243e-06 0.00012908675559624 1.7824619262969989e-07 -1.2262222930592852e-06 5.606372652296103e-05 1.2151782629300897e-07 2.8064347037253767e-06 3.784084992688896e-08 7.6927990359329e-06 1.346374624645286e-06 -2.456091926778552e-06 6.533765677986952e-08 2.5413670399045063e-05 4.611491794568354e-07 4.462156663575034e-06 1.5766920525839265e-07 1.4874823852264873e-07 1.1147357711272433e-05 2.9547611086374105e-06 5.323691033004447e-07 1.4245708505638038e-06 1.3558799433753266e-06 1.2341413692614662e-05 7.853292904849829e-07 5.520290523968994e-06 2.7773127154137003e-07 2.6187385842579925e-06 2.5874549100449e-06 1.004593176937282e-06 3.2845845899279248e-06 5.556542610621152e-07 6.3057286431576916e-06 7.672870204836061e-07 1.4547259156532667e-06 2.169579166737206e-07 3.233107160688589e-06
2.9238079868091026e-06 0.00023911184461414465 4.9733006198044986e-08 4.451195656535683e-09 0.007478808006968076 -1.8705065510285345e-05 -5.205579719808896e-07 -1.382572913490476e-06 -7.508886477748881e-06 -0.0008636201984630562 2.2251605055455884e-06 0.0001555520447747605 -4.351253400112415e-07 3.837852138098156e-06 6.156196420935624e-05 1.2483019337978196e-06 -5.15700309998356e-06 7.694364822680066e-07 1.2596647051567665e-05 -2.0402536645455195e-07 -2.359810851372112e-06 1.579553453240984e-09 2.4569947748855895e-05 4.988723402466056e-07 4.923067594170039e-06 1.7943033555703805e-07 1.8219621557018365e-07 1.544661811879684e-05 3.315859423434078e-06 5.929124552427586e-07 1.573458450860897e-06 1.5743151217983809e-06 1.6288969977928612e-05 9.226430948681253e-07 7.4259876434850855e-06 3.3583094534271556e-07 3.4779007706156572e-06 3.434496052129155e-06 1.129900552520876e-06 3.660907937597356e-06 5.854244095955803e-07 8.398806906498953e-06 8.490206979696303e-07 1.5960450666742618e-06 2.936175351943895e-07 4.406289426796794e-06
